#
# There is insufficient memory for the Java Runtime Environment to continue.
# Native memory allocation (malloc) failed to allocate 1372656 bytes. Error detail: Chunk::new
# Possible reasons:
#   The system is out of physical RAM or swap space
#   This process is running with CompressedOops enabled, and the Java Heap may be blocking the growth of the native heap
# Possible solutions:
#   Reduce memory load on the system
#   Increase physical memory or swap space
#   Check if swap backing store is full
#   Decrease Java heap size (-Xmx/-Xms)
#   Decrease number of Java threads
#   Decrease Java thread stack sizes (-Xss)
#   Set larger code cache with -XX:ReservedCodeCacheSize=
#   JVM is running with Unscaled Compressed Oops mode in which the Java heap is
#     placed in the first 4GB address space. The Java Heap base address is the
#     maximum limit for the native heap growth. Please use -XX:HeapBaseMinAddress
#     to set the Java Heap base and to place the Java Heap above 4GB virtual address.
# This output file may be truncated or incomplete.
#
#  Out of Memory Error (arena.cpp:168), pid=14888, tid=14948
#
# JRE version: OpenJDK Runtime Environment Temurin-21.0.10+7 (21.0.10+7) (build 21.0.10+7-LTS)
# Java VM: OpenJDK 64-Bit Server VM Temurin-21.0.10+7 (21.0.10+7-LTS, mixed mode, sharing, tiered, compressed oops, compressed class ptrs, g1 gc, windows-amd64)
# No core dump will be written. Minidumps are not enabled by default on client versions of Windows
#

---------------  S U M M A R Y ------------

Command Line: --add-opens=java.base/java.lang=ALL-UNNAMED --add-opens=java.base/java.lang.invoke=ALL-UNNAMED --add-opens=java.base/java.util=ALL-UNNAMED --add-opens=java.prefs/java.util.prefs=ALL-UNNAMED --add-exports=jdk.compiler/com.sun.tools.javac.api=ALL-UNNAMED --add-exports=jdk.compiler/com.sun.tools.javac.util=ALL-UNNAMED --add-opens=java.base/java.util=ALL-UNNAMED --add-opens=java.prefs/java.util.prefs=ALL-UNNAMED --add-opens=java.base/java.nio.charset=ALL-UNNAMED --add-opens=java.base/java.net=ALL-UNNAMED --add-opens=java.base/java.util.concurrent.atomic=ALL-UNNAMED --add-opens=java.xml/javax.xml.namespace=ALL-UNNAMED -XX:MaxMetaspaceSize=512m -Xmx2G -Dfile.encoding=UTF-8 -Duser.country=US -Duser.language=en -Duser.variant -javaagent:C:\Users\asus\.gradle\wrapper\dists\gradle-8.12-all\ejduaidbjup3bmmkhw3rie4zb\gradle-8.12\lib\agents\gradle-instrumentation-agent-8.12.jar org.gradle.launcher.daemon.bootstrap.GradleDaemon 8.12

Host: 11th Gen Intel(R) Core(TM) i5-11260H @ 2.60GHz, 12 cores, 7G,  Windows 10 , 64 bit Build 19041 (10.0.19041.5915)
Time: Mon Apr 20 01:06:33 2026 Syria Standard Time elapsed time: 42.767799 seconds (0d 0h 0m 42s)

---------------  T H R E A D  ---------------

Current thread (0x00000207bfd7b640):  JavaThread "C2 CompilerThread0" daemon [_thread_in_native, id=14948, stack(0x000000e888400000,0x000000e888500000) (1024K)]


Current CompileTask:
C2:42768 15043       4       org.gradle.api.internal.artifacts.transform.TransformWorkspaceIdentity::createNonNormalizedImmutable (53 bytes)

Stack: [0x000000e888400000,0x000000e888500000]
Native frames: (J=compiled Java code, j=interpreted, Vv=VM code, C=native code)
V  [jvm.dll+0x6d7a39]
V  [jvm.dll+0x8b4b26]
V  [jvm.dll+0x8b70de]
V  [jvm.dll+0x8b77c3]
V  [jvm.dll+0x284346]
V  [jvm.dll+0xc66ed]
V  [jvm.dll+0xc6c31]
V  [jvm.dll+0x3bec01]
V  [jvm.dll+0x38b162]
V  [jvm.dll+0x38a5aa]
V  [jvm.dll+0x24c560]
V  [jvm.dll+0x24bb40]
V  [jvm.dll+0x1cb34e]
V  [jvm.dll+0x25b85d]
V  [jvm.dll+0x259dea]
V  [jvm.dll+0x3f857e]
V  [jvm.dll+0x85f59d]
V  [jvm.dll+0x6d626d]
C  [ucrtbase.dll+0x21bb2]
C  [KERNEL32.DLL+0x17374]
C  [ntdll.dll+0x4cc91]


---------------  P R O C E S S  ---------------

Threads class SMR info:
_java_thread_list=0x00000207e4fb9ac0, length=185, elements={
0x00000207a81abc90, 0x00000207bfd63c50, 0x00000207bfd648b0, 0x00000207bfd689f0,
0x00000207bfd6b860, 0x00000207bfd6ea70, 0x00000207bfd716f0, 0x00000207bfd7b640,
0x00000207bfd7bcf0, 0x00000207df292190, 0x00000207df292eb0, 0x00000207df293bd0,
0x00000207df292820, 0x00000207df290de0, 0x00000207df291470, 0x00000207df291b00,
0x00000207e0b515d0, 0x00000207e0b522f0, 0x00000207e0b51c60, 0x00000207e0b4dac0,
0x00000207e0b4c710, 0x00000207e0b52980, 0x00000207e0b53010, 0x00000207e0b4e150,
0x00000207e0b4c080, 0x00000207e0b4e7e0, 0x00000207e0b508b0, 0x00000207e0b50f40,
0x00000207e0b4ee70, 0x00000207e0b4d430, 0x00000207e0b50220, 0x00000207e3b0afd0,
0x00000207e3b08870, 0x00000207e3b074c0, 0x00000207e3b0c380, 0x00000207e3b07b50,
0x00000207e3b08f00, 0x00000207e3b0d0a0, 0x00000207e3b0bcf0, 0x00000207e3b081e0,
0x00000207e3b09590, 0x00000207e3b0ca10, 0x00000207e3b09c20, 0x00000207e3b0e450,
0x00000207e3b7e960, 0x00000207e3b7c200, 0x00000207e3b7b4e0, 0x00000207e3b7bb70,
0x00000207e3b78060, 0x00000207e3b7c890, 0x00000207e3b7cf20, 0x00000207e3b7eff0,
0x00000207e3b786f0, 0x00000207e3b7d5b0, 0x00000207e3b79aa0, 0x00000207e3b7a130,
0x00000207e3b7e2d0, 0x00000207e3b7ae50, 0x00000207e3b7dc40, 0x00000207e3b7a7c0,
0x00000207e3b7f680, 0x00000207e3b78d80, 0x00000207e3b79410, 0x00000207e36a13b0,
0x00000207e36a5be0, 0x00000207e36a3b10, 0x00000207e36a2df0, 0x00000207e36a2760,
0x00000207e36a1a40, 0x00000207e36a3480, 0x00000207e36a41a0, 0x00000207e36a4830,
0x00000207e36a4ec0, 0x00000207e36a5550, 0x00000207e36a0000, 0x00000207e36a7620,
0x00000207e54ef140, 0x00000207e54ec9e0, 0x00000207e54efe60, 0x00000207e54ef7d0,
0x00000207e54e9bf0, 0x00000207e54ed070, 0x00000207e54ed700, 0x00000207e54eeab0,
0x00000207e54e8ed0, 0x00000207e54edd90, 0x00000207e54ea280, 0x00000207e54f04f0,
0x00000207e54e9560, 0x00000207e54ea910, 0x00000207e54eafa0, 0x00000207e54eb630,
0x00000207e54ee420, 0x00000207e54ebcc0, 0x00000207e54ec350, 0x00000207e0690f90,
0x00000207e0692340, 0x00000207e0691620, 0x00000207e0690900, 0x00000207e0691cb0,
0x00000207e0694aa0, 0x00000207e0693d80, 0x00000207e0697890, 0x00000207e06936f0,
0x00000207e06929d0, 0x00000207e0693060, 0x00000207e0695130, 0x00000207e0694410,
0x00000207e0696b70, 0x00000207e0697200, 0x00000207e06957c0, 0x00000207e0695e50,
0x00000207e0697f20, 0x00000207e06964e0, 0x00000207e3f72440, 0x00000207e3f78020,
0x00000207e3f786b0, 0x00000207e3f75f50, 0x00000207e3f78d40, 0x00000207e3f71db0,
0x00000207e3f765e0, 0x00000207e3f77300, 0x00000207e3f793d0, 0x00000207e3f74510,
0x00000207e3f72ad0, 0x00000207e3f737f0, 0x00000207e3f73e80, 0x00000207e3f74ba0,
0x00000207e3f75230, 0x00000207e3f758c0, 0x00000207e2e175c0, 0x00000207e2e19000,
0x00000207e2e15b80, 0x00000207e2e1b0d0, 0x00000207e2e17c50, 0x00000207e2e16210,
0x00000207e2e168a0, 0x00000207e2e1b760, 0x00000207e2e19690, 0x00000207e2e19d20,
0x00000207e2e182e0, 0x00000207e2e16f30, 0x00000207e2e1a3b0, 0x00000207e2e1aa40,
0x00000207e2e1bdf0, 0x00000207e2e18970, 0x00000207e2e14e60, 0x00000207e2e1c480,
0x00000207e2e154f0, 0x00000207e3f76c70, 0x00000207df1897f0, 0x00000207df188440,
0x00000207df188ad0, 0x00000207df189e80, 0x00000207df183580, 0x00000207df189160,
0x00000207df185ce0, 0x00000207eadfe8d0, 0x00000207eadfef60, 0x00000207eae00310,
0x00000207eae03e20, 0x00000207eadffc80, 0x00000207eae04b40, 0x00000207eadff5f0,
0x00000207eae009a0, 0x00000207eae03100, 0x00000207eae044b0, 0x00000207eae01030,
0x00000207eae01d50, 0x00000207eae023e0, 0x00000207eadfe240, 0x00000207eae09370,
0x00000207eae08ce0, 0x00000207eae06580, 0x00000207eae08650, 0x00000207eae06c10,
0x00000207eae09a00, 0x00000207eae05860, 0x00000207eae05ef0, 0x00000207e5d6e970,
0x00000207e5d710d0, 0x00000207e0cd05b0, 0x00000207e0cd6eb0, 0x00000207e0cd7540,
0x00000207e2a6b890
}

Java Threads: ( => current thread )
  0x00000207a81abc90 JavaThread "main"                              [_thread_blocked, id=14524, stack(0x000000e887600000,0x000000e887700000) (1024K)]
  0x00000207bfd63c50 JavaThread "Reference Handler"          daemon [_thread_blocked, id=20048, stack(0x000000e887e00000,0x000000e887f00000) (1024K)]
  0x00000207bfd648b0 JavaThread "Finalizer"                  daemon [_thread_blocked, id=1524, stack(0x000000e887f00000,0x000000e888000000) (1024K)]
  0x00000207bfd689f0 JavaThread "Signal Dispatcher"          daemon [_thread_blocked, id=5136, stack(0x000000e888000000,0x000000e888100000) (1024K)]
  0x00000207bfd6b860 JavaThread "Attach Listener"            daemon [_thread_blocked, id=264, stack(0x000000e888100000,0x000000e888200000) (1024K)]
  0x00000207bfd6ea70 JavaThread "Service Thread"             daemon [_thread_blocked, id=19296, stack(0x000000e888200000,0x000000e888300000) (1024K)]
  0x00000207bfd716f0 JavaThread "Monitor Deflation Thread"   daemon [_thread_blocked, id=10200, stack(0x000000e888300000,0x000000e888400000) (1024K)]
=>0x00000207bfd7b640 JavaThread "C2 CompilerThread0"         daemon [_thread_in_native, id=14948, stack(0x000000e888400000,0x000000e888500000) (1024K)]
  0x00000207bfd7bcf0 JavaThread "C1 CompilerThread0"         daemon [_thread_blocked, id=16476, stack(0x000000e888500000,0x000000e888600000) (1024K)]
  0x00000207df292190 JavaThread "Common-Cleaner"             daemon [_thread_blocked, id=4408, stack(0x000000e888600000,0x000000e888700000) (1024K)]
  0x00000207df292eb0 JavaThread "Notification Thread"        daemon [_thread_blocked, id=2172, stack(0x000000e888700000,0x000000e888800000) (1024K)]
  0x00000207df293bd0 JavaThread "Daemon health stats"               [_thread_blocked, id=20052, stack(0x000000e888f00000,0x000000e889000000) (1024K)]
  0x00000207df292820 JavaThread "Incoming local TCP Connector on port 53524"        [_thread_in_native, id=19036, stack(0x000000e889000000,0x000000e889100000) (1024K)]
  0x00000207df290de0 JavaThread "Daemon periodic checks"            [_thread_blocked, id=9724, stack(0x000000e889100000,0x000000e889200000) (1024K)]
  0x00000207df291470 JavaThread "Daemon"                            [_thread_blocked, id=9304, stack(0x000000e889200000,0x000000e889300000) (1024K)]
  0x00000207df291b00 JavaThread "Handler for socket connection from /127.0.0.1:53524 to /127.0.0.1:53525"        [_thread_in_native, id=12152, stack(0x000000e889300000,0x000000e889400000) (1024K)]
  0x00000207e0b515d0 JavaThread "Cancel handler"                    [_thread_blocked, id=5932, stack(0x000000e889400000,0x000000e889500000) (1024K)]
  0x00000207e0b522f0 JavaThread "Daemon worker"                     [_thread_in_Java, id=17284, stack(0x000000e889500000,0x000000e889600000) (1024K)]
  0x00000207e0b51c60 JavaThread "Asynchronous log dispatcher for DefaultDaemonConnection: socket connection from /127.0.0.1:53524 to /127.0.0.1:53525"        [_thread_blocked, id=4320, stack(0x000000e889600000,0x000000e889700000) (1024K)]
  0x00000207e0b4dac0 JavaThread "Stdin handler"                     [_thread_blocked, id=4456, stack(0x000000e889700000,0x000000e889800000) (1024K)]
  0x00000207e0b4c710 JavaThread "Daemon client event forwarder"        [_thread_blocked, id=19244, stack(0x000000e889800000,0x000000e889900000) (1024K)]
  0x00000207e0b52980 JavaThread "Cache worker for journal cache (C:\Users\asus\.gradle\caches\journal-1)"        [_thread_blocked, id=9424, stack(0x000000e889900000,0x000000e889a00000) (1024K)]
  0x00000207e0b53010 JavaThread "File lock request listener"        [_thread_in_native, id=11508, stack(0x000000e889a00000,0x000000e889b00000) (1024K)]
  0x00000207e0b4e150 JavaThread "Cache worker for file hash cache (C:\Users\asus\.gradle\caches\8.12\fileHashes)"        [_thread_blocked, id=7776, stack(0x000000e889b00000,0x000000e889c00000) (1024K)]
  0x00000207e0b4c080 JavaThread "File lock release action executor"        [_thread_blocked, id=4856, stack(0x000000e889f00000,0x000000e88a000000) (1024K)]
  0x00000207e0b4e7e0 JavaThread "Cache worker for file hash cache (C:\Users\asus\Desktop\Medicpro_app\medixpro\android\.gradle\8.12\fileHashes)"        [_thread_blocked, id=11052, stack(0x000000e88a200000,0x000000e88a300000) (1024K)]
  0x00000207e0b508b0 JavaThread "Cache worker for Build Output Cleanup Cache (C:\Users\asus\Desktop\Medicpro_app\medixpro\android\.gradle\buildOutputCleanup)"        [_thread_blocked, id=5024, stack(0x000000e88a300000,0x000000e88a400000) (1024K)]
  0x00000207e0b50f40 JavaThread "File watcher server"        daemon [_thread_in_native, id=11036, stack(0x000000e88a400000,0x000000e88a500000) (1024K)]
  0x00000207e0b4ee70 JavaThread "File watcher consumer"      daemon [_thread_blocked, id=18652, stack(0x000000e88a500000,0x000000e88a600000) (1024K)]
  0x00000207e0b4d430 JavaThread "Cache worker for checksums cache (C:\Users\asus\Desktop\Medicpro_app\medixpro\android\.gradle\8.12\checksums)"        [_thread_blocked, id=19608, stack(0x000000e88a600000,0x000000e88a700000) (1024K)]
  0x00000207e0b50220 JavaThread "Cache worker for file content cache (C:\Users\asus\.gradle\caches\8.12\fileContent)"        [_thread_blocked, id=760, stack(0x000000e88a700000,0x000000e88a800000) (1024K)]
  0x00000207e3b0afd0 JavaThread "Cache worker for cache directory md-rule (C:\Users\asus\.gradle\caches\8.12\md-rule)"        [_thread_blocked, id=12832, stack(0x000000e88a800000,0x000000e88a900000) (1024K)]
  0x00000207e3b08870 JavaThread "Cache worker for cache directory md-supplier (C:\Users\asus\.gradle\caches\8.12\md-supplier)"        [_thread_blocked, id=11820, stack(0x000000e88a900000,0x000000e88aa00000) (1024K)]
  0x00000207e3b074c0 JavaThread "Cache worker for Build Output Cleanup Cache (C:\src\flutter_windows_3.35.3-stable\flutter\packages\flutter_tools\gradle\.gradle\buildOutputCleanup)"        [_thread_blocked, id=2704, stack(0x000000e88aa00000,0x000000e88ab00000) (1024K)]
  0x00000207e3b0c380 JavaThread "Unconstrained build operations"        [_thread_blocked, id=18484, stack(0x000000e888800000,0x000000e888900000) (1024K)]
  0x00000207e3b07b50 JavaThread "Unconstrained build operations Thread 2"        [_thread_blocked, id=16112, stack(0x000000e88ab00000,0x000000e88ac00000) (1024K)]
  0x00000207e3b08f00 JavaThread "Unconstrained build operations Thread 3"        [_thread_blocked, id=3040, stack(0x000000e88ac00000,0x000000e88ad00000) (1024K)]
  0x00000207e3b0d0a0 JavaThread "Unconstrained build operations Thread 4"        [_thread_blocked, id=10592, stack(0x000000e88ad00000,0x000000e88ae00000) (1024K)]
  0x00000207e3b0bcf0 JavaThread "Unconstrained build operations Thread 5"        [_thread_blocked, id=2880, stack(0x000000e88ae00000,0x000000e88af00000) (1024K)]
  0x00000207e3b081e0 JavaThread "Unconstrained build operations Thread 6"        [_thread_blocked, id=10712, stack(0x000000e88af00000,0x000000e88b000000) (1024K)]
  0x00000207e3b09590 JavaThread "Unconstrained build operations Thread 7"        [_thread_blocked, id=6848, stack(0x000000e88b000000,0x000000e88b100000) (1024K)]
  0x00000207e3b0ca10 JavaThread "Unconstrained build operations Thread 8"        [_thread_blocked, id=18148, stack(0x000000e88b100000,0x000000e88b200000) (1024K)]
  0x00000207e3b09c20 JavaThread "Unconstrained build operations Thread 9"        [_thread_blocked, id=13424, stack(0x000000e88b200000,0x000000e88b300000) (1024K)]
  0x00000207e3b0e450 JavaThread "Unconstrained build operations Thread 10"        [_thread_blocked, id=19888, stack(0x000000e88b300000,0x000000e88b400000) (1024K)]
  0x00000207e3b7e960 JavaThread "Unconstrained build operations Thread 11"        [_thread_blocked, id=10512, stack(0x000000e88b400000,0x000000e88b500000) (1024K)]
  0x00000207e3b7c200 JavaThread "Unconstrained build operations Thread 12"        [_thread_blocked, id=8612, stack(0x000000e88b500000,0x000000e88b600000) (1024K)]
  0x00000207e3b7b4e0 JavaThread "Unconstrained build operations Thread 13"        [_thread_blocked, id=15092, stack(0x000000e88b600000,0x000000e88b700000) (1024K)]
  0x00000207e3b7bb70 JavaThread "Unconstrained build operations Thread 14"        [_thread_blocked, id=18176, stack(0x000000e88b700000,0x000000e88b800000) (1024K)]
  0x00000207e3b78060 JavaThread "Unconstrained build operations Thread 15"        [_thread_blocked, id=1136, stack(0x000000e88b800000,0x000000e88b900000) (1024K)]
  0x00000207e3b7c890 JavaThread "Unconstrained build operations Thread 16"        [_thread_blocked, id=18992, stack(0x000000e88b900000,0x000000e88ba00000) (1024K)]
  0x00000207e3b7cf20 JavaThread "Unconstrained build operations Thread 17"        [_thread_blocked, id=7432, stack(0x000000e88ba00000,0x000000e88bb00000) (1024K)]
  0x00000207e3b7eff0 JavaThread "Unconstrained build operations Thread 18"        [_thread_blocked, id=19992, stack(0x000000e88bb00000,0x000000e88bc00000) (1024K)]
  0x00000207e3b786f0 JavaThread "Unconstrained build operations Thread 19"        [_thread_blocked, id=19908, stack(0x000000e88bc00000,0x000000e88bd00000) (1024K)]
  0x00000207e3b7d5b0 JavaThread "Unconstrained build operations Thread 20"        [_thread_blocked, id=12224, stack(0x000000e88bd00000,0x000000e88be00000) (1024K)]
  0x00000207e3b79aa0 JavaThread "Unconstrained build operations Thread 21"        [_thread_blocked, id=4492, stack(0x000000e88bf00000,0x000000e88c000000) (1024K)]
  0x00000207e3b7a130 JavaThread "Unconstrained build operations Thread 22"        [_thread_blocked, id=12396, stack(0x000000e88c000000,0x000000e88c100000) (1024K)]
  0x00000207e3b7e2d0 JavaThread "Unconstrained build operations Thread 23"        [_thread_blocked, id=18340, stack(0x000000e88c100000,0x000000e88c200000) (1024K)]
  0x00000207e3b7ae50 JavaThread "Unconstrained build operations Thread 24"        [_thread_blocked, id=13064, stack(0x000000e88c200000,0x000000e88c300000) (1024K)]
  0x00000207e3b7dc40 JavaThread "Unconstrained build operations Thread 25"        [_thread_blocked, id=17432, stack(0x000000e88c300000,0x000000e88c400000) (1024K)]
  0x00000207e3b7a7c0 JavaThread "Unconstrained build operations Thread 26"        [_thread_blocked, id=18836, stack(0x000000e88c400000,0x000000e88c500000) (1024K)]
  0x00000207e3b7f680 JavaThread "Unconstrained build operations Thread 27"        [_thread_blocked, id=19836, stack(0x000000e88c500000,0x000000e88c600000) (1024K)]
  0x00000207e3b78d80 JavaThread "Unconstrained build operations Thread 28"        [_thread_blocked, id=5940, stack(0x000000e88c600000,0x000000e88c700000) (1024K)]
  0x00000207e3b79410 JavaThread "Unconstrained build operations Thread 29"        [_thread_blocked, id=20364, stack(0x000000e88c700000,0x000000e88c800000) (1024K)]
  0x00000207e36a13b0 JavaThread "Unconstrained build operations Thread 30"        [_thread_blocked, id=12140, stack(0x000000e88c800000,0x000000e88c900000) (1024K)]
  0x00000207e36a5be0 JavaThread "Unconstrained build operations Thread 31"        [_thread_blocked, id=7600, stack(0x000000e88c900000,0x000000e88ca00000) (1024K)]
  0x00000207e36a3b10 JavaThread "Unconstrained build operations Thread 32"        [_thread_blocked, id=18852, stack(0x000000e88ca00000,0x000000e88cb00000) (1024K)]
  0x00000207e36a2df0 JavaThread "Unconstrained build operations Thread 33"        [_thread_blocked, id=10976, stack(0x000000e88cb00000,0x000000e88cc00000) (1024K)]
  0x00000207e36a2760 JavaThread "Memory manager"                    [_thread_blocked, id=19856, stack(0x000000e88cc00000,0x000000e88cd00000) (1024K)]
  0x00000207e36a1a40 JavaThread "build event listener"              [_thread_blocked, id=15424, stack(0x000000e88cd00000,0x000000e88ce00000) (1024K)]
  0x00000207e36a3480 JavaThread "included builds"                   [_thread_blocked, id=6068, stack(0x000000e88ce00000,0x000000e88cf00000) (1024K)]
  0x00000207e36a41a0 JavaThread "Execution worker"                  [_thread_blocked, id=6536, stack(0x000000e88cf00000,0x000000e88d000000) (1024K)]
  0x00000207e36a4830 JavaThread "Execution worker Thread 2"         [_thread_blocked, id=11988, stack(0x000000e88d000000,0x000000e88d100000) (1024K)]
  0x00000207e36a4ec0 JavaThread "Execution worker Thread 3"         [_thread_blocked, id=3976, stack(0x000000e88d100000,0x000000e88d200000) (1024K)]
  0x00000207e36a5550 JavaThread "Execution worker Thread 4"         [_thread_blocked, id=13660, stack(0x000000e88d200000,0x000000e88d300000) (1024K)]
  0x00000207e36a0000 JavaThread "Execution worker Thread 5"         [_thread_blocked, id=18872, stack(0x000000e88d300000,0x000000e88d400000) (1024K)]
  0x00000207e36a7620 JavaThread "Execution worker Thread 6"         [_thread_blocked, id=13548, stack(0x000000e88d400000,0x000000e88d500000) (1024K)]
  0x00000207e54ef140 JavaThread "Execution worker Thread 7"         [_thread_blocked, id=17288, stack(0x000000e88d500000,0x000000e88d600000) (1024K)]
  0x00000207e54ec9e0 JavaThread "Execution worker Thread 8"         [_thread_blocked, id=7560, stack(0x000000e88d600000,0x000000e88d700000) (1024K)]
  0x00000207e54efe60 JavaThread "Execution worker Thread 9"         [_thread_blocked, id=7708, stack(0x000000e88d700000,0x000000e88d800000) (1024K)]
  0x00000207e54ef7d0 JavaThread "Execution worker Thread 10"        [_thread_blocked, id=19212, stack(0x000000e88d800000,0x000000e88d900000) (1024K)]
  0x00000207e54e9bf0 JavaThread "Execution worker Thread 11"        [_thread_blocked, id=9476, stack(0x000000e88d900000,0x000000e88da00000) (1024K)]
  0x00000207e54ed070 JavaThread "Cache worker for execution history cache (C:\src\flutter_windows_3.35.3-stable\flutter\packages\flutter_tools\gradle\.gradle\8.12\executionHistory)"        [_thread_blocked, id=18792, stack(0x000000e88da00000,0x000000e88db00000) (1024K)]
  0x00000207e54ed700 JavaThread "Unconstrained build operations Thread 34"        [_thread_blocked, id=10024, stack(0x000000e88be00000,0x000000e88bf00000) (1024K)]
  0x00000207e54eeab0 JavaThread "Unconstrained build operations Thread 35"        [_thread_blocked, id=168, stack(0x000000e88db00000,0x000000e88dc00000) (1024K)]
  0x00000207e54e8ed0 JavaThread "Unconstrained build operations Thread 36"        [_thread_blocked, id=7592, stack(0x000000e88dc00000,0x000000e88dd00000) (1024K)]
  0x00000207e54edd90 JavaThread "Unconstrained build operations Thread 37"        [_thread_blocked, id=18096, stack(0x000000e88dd00000,0x000000e88de00000) (1024K)]
  0x00000207e54ea280 JavaThread "Unconstrained build operations Thread 38"        [_thread_blocked, id=20260, stack(0x000000e88de00000,0x000000e88df00000) (1024K)]
  0x00000207e54f04f0 JavaThread "Unconstrained build operations Thread 39"        [_thread_blocked, id=14604, stack(0x000000e88df00000,0x000000e88e000000) (1024K)]
  0x00000207e54e9560 JavaThread "Unconstrained build operations Thread 40"        [_thread_blocked, id=16692, stack(0x000000e88e000000,0x000000e88e100000) (1024K)]
  0x00000207e54ea910 JavaThread "Unconstrained build operations Thread 41"        [_thread_blocked, id=18564, stack(0x000000e88e100000,0x000000e88e200000) (1024K)]
  0x00000207e54eafa0 JavaThread "Unconstrained build operations Thread 42"        [_thread_blocked, id=16988, stack(0x000000e88e200000,0x000000e88e300000) (1024K)]
  0x00000207e54eb630 JavaThread "Unconstrained build operations Thread 43"        [_thread_blocked, id=3044, stack(0x000000e88e300000,0x000000e88e400000) (1024K)]
  0x00000207e54ee420 JavaThread "Unconstrained build operations Thread 44"        [_thread_blocked, id=19576, stack(0x000000e88e400000,0x000000e88e500000) (1024K)]
  0x00000207e54ebcc0 JavaThread "Unconstrained build operations Thread 45"        [_thread_blocked, id=11704, stack(0x000000e88e500000,0x000000e88e600000) (1024K)]
  0x00000207e54ec350 JavaThread "Unconstrained build operations Thread 46"        [_thread_blocked, id=17700, stack(0x000000e88e600000,0x000000e88e700000) (1024K)]
  0x00000207e0690f90 JavaThread "Unconstrained build operations Thread 47"        [_thread_blocked, id=7760, stack(0x000000e88e700000,0x000000e88e800000) (1024K)]
  0x00000207e0692340 JavaThread "Unconstrained build operations Thread 48"        [_thread_blocked, id=7372, stack(0x000000e88e800000,0x000000e88e900000) (1024K)]
  0x00000207e0691620 JavaThread "Unconstrained build operations Thread 49"        [_thread_blocked, id=17716, stack(0x000000e88e900000,0x000000e88ea00000) (1024K)]
  0x00000207e0690900 JavaThread "Unconstrained build operations Thread 50"        [_thread_blocked, id=6464, stack(0x000000e88ea00000,0x000000e88eb00000) (1024K)]
  0x00000207e0691cb0 JavaThread "Unconstrained build operations Thread 51"        [_thread_blocked, id=18368, stack(0x000000e88eb00000,0x000000e88ec00000) (1024K)]
  0x00000207e0694aa0 JavaThread "Unconstrained build operations Thread 52"        [_thread_blocked, id=14580, stack(0x000000e88ec00000,0x000000e88ed00000) (1024K)]
  0x00000207e0693d80 JavaThread "Unconstrained build operations Thread 53"        [_thread_blocked, id=8092, stack(0x000000e88ed00000,0x000000e88ee00000) (1024K)]
  0x00000207e0697890 JavaThread "Unconstrained build operations Thread 54"        [_thread_blocked, id=5824, stack(0x000000e88ee00000,0x000000e88ef00000) (1024K)]
  0x00000207e06936f0 JavaThread "Unconstrained build operations Thread 55"        [_thread_blocked, id=9836, stack(0x000000e88ef00000,0x000000e88f000000) (1024K)]
  0x00000207e06929d0 JavaThread "Unconstrained build operations Thread 56"        [_thread_blocked, id=6852, stack(0x000000e88f000000,0x000000e88f100000) (1024K)]
  0x00000207e0693060 JavaThread "Unconstrained build operations Thread 57"        [_thread_blocked, id=20228, stack(0x000000e88f100000,0x000000e88f200000) (1024K)]
  0x00000207e0695130 JavaThread "Unconstrained build operations Thread 58"        [_thread_blocked, id=10252, stack(0x000000e88f200000,0x000000e88f300000) (1024K)]
  0x00000207e0694410 JavaThread "Unconstrained build operations Thread 59"        [_thread_blocked, id=1688, stack(0x000000e88f300000,0x000000e88f400000) (1024K)]
  0x00000207e0696b70 JavaThread "Unconstrained build operations Thread 60"        [_thread_blocked, id=19508, stack(0x000000e88f400000,0x000000e88f500000) (1024K)]
  0x00000207e0697200 JavaThread "Unconstrained build operations Thread 61"        [_thread_blocked, id=2344, stack(0x000000e88f500000,0x000000e88f600000) (1024K)]
  0x00000207e06957c0 JavaThread "Unconstrained build operations Thread 62"        [_thread_blocked, id=10220, stack(0x000000e88f600000,0x000000e88f700000) (1024K)]
  0x00000207e0695e50 JavaThread "Unconstrained build operations Thread 63"        [_thread_blocked, id=17688, stack(0x000000e88f700000,0x000000e88f800000) (1024K)]
  0x00000207e0697f20 JavaThread "Unconstrained build operations Thread 64"        [_thread_blocked, id=1040, stack(0x000000e88f800000,0x000000e88f900000) (1024K)]
  0x00000207e06964e0 JavaThread "Unconstrained build operations Thread 65"        [_thread_blocked, id=18712, stack(0x000000e88f900000,0x000000e88fa00000) (1024K)]
  0x00000207e3f72440 JavaThread "Unconstrained build operations Thread 66"        [_thread_blocked, id=18344, stack(0x000000e88fa00000,0x000000e88fb00000) (1024K)]
  0x00000207e3f78020 JavaThread "Unconstrained build operations Thread 67"        [_thread_blocked, id=20064, stack(0x000000e88fc00000,0x000000e88fd00000) (1024K)]
  0x00000207e3f786b0 JavaThread "Unconstrained build operations Thread 68"        [_thread_blocked, id=15756, stack(0x000000e88fd00000,0x000000e88fe00000) (1024K)]
  0x00000207e3f75f50 JavaThread "WorkerExecutor Queue"              [_thread_blocked, id=13512, stack(0x000000e88fe00000,0x000000e88ff00000) (1024K)]
  0x00000207e3f78d40 JavaThread "RMI Scheduler(0)"           daemon [_thread_blocked, id=18784, stack(0x000000e88fb00000,0x000000e88fc00000) (1024K)]
  0x00000207e3f71db0 JavaThread "RMI GC Daemon"              daemon [_thread_blocked, id=8936, stack(0x000000e890000000,0x000000e890100000) (1024K)]
  0x00000207e3f765e0 JavaThread "RMI TCP Accept-0"           daemon [_thread_in_native, id=9436, stack(0x000000e890100000,0x000000e890200000) (1024K)]
  0x00000207e3f77300 JavaThread "RMI Reaper"                        [_thread_blocked, id=8, stack(0x000000e890200000,0x000000e890300000) (1024K)]
  0x00000207e3f793d0 JavaThread "RMI TCP Connection(1)-127.0.0.1" daemon [_thread_in_native, id=15080, stack(0x000000e890300000,0x000000e890400000) (1024K)]
  0x00000207e3f74510 JavaThread "Unconstrained build operations Thread 69"        [_thread_blocked, id=3788, stack(0x000000e890400000,0x000000e890500000) (1024K)]
  0x00000207e3f72ad0 JavaThread "Unconstrained build operations Thread 70"        [_thread_blocked, id=19692, stack(0x000000e890500000,0x000000e890600000) (1024K)]
  0x00000207e3f737f0 JavaThread "Unconstrained build operations Thread 71"        [_thread_blocked, id=16524, stack(0x000000e890600000,0x000000e890700000) (1024K)]
  0x00000207e3f73e80 JavaThread "Unconstrained build operations Thread 72"        [_thread_blocked, id=10112, stack(0x000000e890700000,0x000000e890800000) (1024K)]
  0x00000207e3f74ba0 JavaThread "Unconstrained build operations Thread 73"        [_thread_blocked, id=7276, stack(0x000000e890800000,0x000000e890900000) (1024K)]
  0x00000207e3f75230 JavaThread "Unconstrained build operations Thread 74"        [_thread_blocked, id=18568, stack(0x000000e890900000,0x000000e890a00000) (1024K)]
  0x00000207e3f758c0 JavaThread "Unconstrained build operations Thread 75"        [_thread_blocked, id=5680, stack(0x000000e890a00000,0x000000e890b00000) (1024K)]
  0x00000207e2e175c0 JavaThread "Unconstrained build operations Thread 76"        [_thread_blocked, id=2540, stack(0x000000e890b00000,0x000000e890c00000) (1024K)]
  0x00000207e2e19000 JavaThread "Unconstrained build operations Thread 77"        [_thread_blocked, id=10168, stack(0x000000e890c00000,0x000000e890d00000) (1024K)]
  0x00000207e2e15b80 JavaThread "Unconstrained build operations Thread 78"        [_thread_blocked, id=10964, stack(0x000000e890d00000,0x000000e890e00000) (1024K)]
  0x00000207e2e1b0d0 JavaThread "Unconstrained build operations Thread 79"        [_thread_blocked, id=19168, stack(0x000000e890e00000,0x000000e890f00000) (1024K)]
  0x00000207e2e17c50 JavaThread "Unconstrained build operations Thread 80"        [_thread_blocked, id=12836, stack(0x000000e890f00000,0x000000e891000000) (1024K)]
  0x00000207e2e16210 JavaThread "Unconstrained build operations Thread 81"        [_thread_in_vm, id=17040, stack(0x000000e891000000,0x000000e891100000) (1024K)] _threads_hazard_ptr=0x00000207e4fb9ac0
  0x00000207e2e168a0 JavaThread "Unconstrained build operations Thread 82"        [_thread_in_native, id=2380, stack(0x000000e891100000,0x000000e891200000) (1024K)]
  0x00000207e2e1b760 JavaThread "Unconstrained build operations Thread 83"        [_thread_in_native, id=4584, stack(0x000000e891200000,0x000000e891300000) (1024K)]
  0x00000207e2e19690 JavaThread "Unconstrained build operations Thread 84"        [_thread_in_native, id=13084, stack(0x000000e891300000,0x000000e891400000) (1024K)]
  0x00000207e2e19d20 JavaThread "Unconstrained build operations Thread 85"        [_thread_in_native, id=19336, stack(0x000000e891400000,0x000000e891500000) (1024K)]
  0x00000207e2e182e0 JavaThread "Unconstrained build operations Thread 86"        [_thread_in_native, id=20300, stack(0x000000e891500000,0x000000e891600000) (1024K)]
  0x00000207e2e16f30 JavaThread "Unconstrained build operations Thread 87"        [_thread_in_native, id=10232, stack(0x000000e891600000,0x000000e891700000) (1024K)]
  0x00000207e2e1a3b0 JavaThread "Unconstrained build operations Thread 88"        [_thread_in_native, id=4188, stack(0x000000e891700000,0x000000e891800000) (1024K)]
  0x00000207e2e1aa40 JavaThread "Unconstrained build operations Thread 89"        [_thread_in_native, id=13976, stack(0x000000e891800000,0x000000e891900000) (1024K)]
  0x00000207e2e1bdf0 JavaThread "Unconstrained build operations Thread 90"        [_thread_in_native, id=4628, stack(0x000000e891900000,0x000000e891a00000) (1024K)]
  0x00000207e2e18970 JavaThread "Unconstrained build operations Thread 91"        [_thread_blocked, id=19256, stack(0x000000e891a00000,0x000000e891b00000) (1024K)]
  0x00000207e2e14e60 JavaThread "Unconstrained build operations Thread 92"        [_thread_blocked, id=8600, stack(0x000000e891b00000,0x000000e891c00000) (1024K)]
  0x00000207e2e1c480 JavaThread "Unconstrained build operations Thread 93"        [_thread_blocked, id=10108, stack(0x000000e891c00000,0x000000e891d00000) (1024K)]
  0x00000207e2e154f0 JavaThread "Unconstrained build operations Thread 94"        [_thread_blocked, id=2948, stack(0x000000e891d00000,0x000000e891e00000) (1024K)]
  0x00000207e3f76c70 JavaThread "Unconstrained build operations Thread 95"        [_thread_blocked, id=11556, stack(0x000000e891e00000,0x000000e891f00000) (1024K)]
  0x00000207df1897f0 JavaThread "Unconstrained build operations Thread 96"        [_thread_blocked, id=10248, stack(0x000000e891f00000,0x000000e892000000) (1024K)]
  0x00000207df188440 JavaThread "Unconstrained build operations Thread 97"        [_thread_blocked, id=19052, stack(0x000000e892000000,0x000000e892100000) (1024K)]
  0x00000207df188ad0 JavaThread "Unconstrained build operations Thread 98"        [_thread_in_native, id=13248, stack(0x000000e892100000,0x000000e892200000) (1024K)]
  0x00000207df189e80 JavaThread "Unconstrained build operations Thread 99"        [_thread_blocked, id=5592, stack(0x000000e892200000,0x000000e892300000) (1024K)]
  0x00000207df183580 JavaThread "Unconstrained build operations Thread 100"        [_thread_blocked, id=13556, stack(0x000000e892300000,0x000000e892400000) (1024K)]
  0x00000207df189160 JavaThread "Unconstrained build operations Thread 101"        [_thread_blocked, id=7576, stack(0x000000e892400000,0x000000e892500000) (1024K)]
  0x00000207df185ce0 JavaThread "build event listener"              [_thread_blocked, id=12624, stack(0x000000e892500000,0x000000e892600000) (1024K)]
  0x00000207eadfe8d0 JavaThread "jar transforms"                    [_thread_blocked, id=2916, stack(0x000000e88ff00000,0x000000e890000000) (1024K)]
  0x00000207eadfef60 JavaThread "Unconstrained build operations Thread 102"        [_thread_blocked, id=11948, stack(0x000000e892700000,0x000000e892800000) (1024K)]
  0x00000207eae00310 JavaThread "Unconstrained build operations Thread 103"        [_thread_blocked, id=17652, stack(0x000000e892800000,0x000000e892900000) (1024K)]
  0x00000207eae03e20 JavaThread "Unconstrained build operations Thread 104"        [_thread_blocked, id=17960, stack(0x000000e892900000,0x000000e892a00000) (1024K)]
  0x00000207eadffc80 JavaThread "Unconstrained build operations Thread 105"        [_thread_blocked, id=16500, stack(0x000000e892a00000,0x000000e892b00000) (1024K)]
  0x00000207eae04b40 JavaThread "Unconstrained build operations Thread 106"        [_thread_blocked, id=17604, stack(0x000000e892b00000,0x000000e892c00000) (1024K)]
  0x00000207eadff5f0 JavaThread "Unconstrained build operations Thread 107"        [_thread_blocked, id=12368, stack(0x000000e892c00000,0x000000e892d00000) (1024K)]
  0x00000207eae009a0 JavaThread "Unconstrained build operations Thread 108"        [_thread_blocked, id=3084, stack(0x000000e892d00000,0x000000e892e00000) (1024K)]
  0x00000207eae03100 JavaThread "Unconstrained build operations Thread 109"        [_thread_blocked, id=9104, stack(0x000000e892e00000,0x000000e892f00000) (1024K)]
  0x00000207eae044b0 JavaThread "Unconstrained build operations Thread 110"        [_thread_blocked, id=16028, stack(0x000000e892f00000,0x000000e893000000) (1024K)]
  0x00000207eae01030 JavaThread "Unconstrained build operations Thread 111"        [_thread_blocked, id=11468, stack(0x000000e893000000,0x000000e893100000) (1024K)]
  0x00000207eae01d50 JavaThread "Unconstrained build operations Thread 112"        [_thread_blocked, id=11044, stack(0x000000e893100000,0x000000e893200000) (1024K)]
  0x00000207eae023e0 JavaThread "Unconstrained build operations Thread 113"        [_thread_blocked, id=10752, stack(0x000000e893200000,0x000000e893300000) (1024K)]
  0x00000207eadfe240 JavaThread "Unconstrained build operations Thread 114"        [_thread_blocked, id=4412, stack(0x000000e893300000,0x000000e893400000) (1024K)]
  0x00000207eae09370 JavaThread "Unconstrained build operations Thread 115"        [_thread_blocked, id=17560, stack(0x000000e893400000,0x000000e893500000) (1024K)]
  0x00000207eae08ce0 JavaThread "Unconstrained build operations Thread 116"        [_thread_blocked, id=5772, stack(0x000000e893500000,0x000000e893600000) (1024K)]
  0x00000207eae06580 JavaThread "Unconstrained build operations Thread 117"        [_thread_blocked, id=19968, stack(0x000000e893600000,0x000000e893700000) (1024K)]
  0x00000207eae08650 JavaThread "Unconstrained build operations Thread 118"        [_thread_blocked, id=13508, stack(0x000000e893700000,0x000000e893800000) (1024K)]
  0x00000207eae06c10 JavaThread "Unconstrained build operations Thread 119"        [_thread_blocked, id=16468, stack(0x000000e893800000,0x000000e893900000) (1024K)]
  0x00000207eae09a00 JavaThread "Unconstrained build operations Thread 120"        [_thread_blocked, id=16456, stack(0x000000e893900000,0x000000e893a00000) (1024K)]
  0x00000207eae05860 JavaThread "jar transforms Thread 2"           [_thread_blocked, id=19204, stack(0x000000e893a00000,0x000000e893b00000) (1024K)]
  0x00000207eae05ef0 JavaThread "Problems report writer"            [_thread_blocked, id=12484, stack(0x000000e893b00000,0x000000e893c00000) (1024K)]
  0x00000207e5d6e970 JavaThread "jar transforms Thread 3"           [_thread_blocked, id=7064, stack(0x000000e893c00000,0x000000e893d00000) (1024K)]
  0x00000207e5d710d0 JavaThread "jar transforms Thread 4"           [_thread_blocked, id=7356, stack(0x000000e893e00000,0x000000e893f00000) (1024K)]
  0x00000207e0cd05b0 JavaThread "jar transforms Thread 5"           [_thread_blocked, id=4968, stack(0x000000e893f00000,0x000000e894000000) (1024K)]
  0x00000207e0cd6eb0 JavaThread "jar transforms Thread 6"           [_thread_blocked, id=11928, stack(0x000000e894100000,0x000000e894200000) (1024K)]
  0x00000207e0cd7540 JavaThread "jar transforms Thread 7"           [_thread_blocked, id=18948, stack(0x000000e894200000,0x000000e894300000) (1024K)]
  0x00000207e2a6b890 JavaThread "C2 CompilerThread1"         daemon [_thread_in_native, id=12160, stack(0x000000e894000000,0x000000e894100000) (1024K)]
Total: 185

Other Threads:
  0x00000207bfd47d20 VMThread "VM Thread"                           [id=1912, stack(0x000000e887d00000,0x000000e887e00000) (1024K)]
  0x00000207bfd34540 WatcherThread "VM Periodic Task Thread"        [id=18520, stack(0x000000e887c00000,0x000000e887d00000) (1024K)]
  0x00000207a8201660 WorkerThread "GC Thread#0"                     [id=9600, stack(0x000000e887700000,0x000000e887800000) (1024K)]
  0x00000207df63aa60 WorkerThread "GC Thread#1"                     [id=2400, stack(0x000000e888900000,0x000000e888a00000) (1024K)]
  0x00000207df705fd0 WorkerThread "GC Thread#2"                     [id=19532, stack(0x000000e888a00000,0x000000e888b00000) (1024K)]
  0x00000207dfdb6500 WorkerThread "GC Thread#3"                     [id=5540, stack(0x000000e888b00000,0x000000e888c00000) (1024K)]
  0x00000207dfdb68b0 WorkerThread "GC Thread#4"                     [id=12164, stack(0x000000e888c00000,0x000000e888d00000) (1024K)]
  0x00000207e07f8c30 WorkerThread "GC Thread#5"                     [id=13448, stack(0x000000e888d00000,0x000000e888e00000) (1024K)]
  0x00000207e07363d0 WorkerThread "GC Thread#6"                     [id=18764, stack(0x000000e888e00000,0x000000e888f00000) (1024K)]
  0x00000207e24244d0 WorkerThread "GC Thread#7"                     [id=9280, stack(0x000000e889c00000,0x000000e889d00000) (1024K)]
  0x00000207e2424880 WorkerThread "GC Thread#8"                     [id=4356, stack(0x000000e889d00000,0x000000e889e00000) (1024K)]
  0x00000207e2424c30 WorkerThread "GC Thread#9"                     [id=18896, stack(0x000000e889e00000,0x000000e889f00000) (1024K)]
  0x00000207a82125b0 ConcurrentGCThread "G1 Main Marker"            [id=3152, stack(0x000000e887800000,0x000000e887900000) (1024K)]
  0x00000207a8213610 WorkerThread "G1 Conc#0"                       [id=3464, stack(0x000000e887900000,0x000000e887a00000) (1024K)]
  0x00000207e2e07520 WorkerThread "G1 Conc#1"                       [id=17816, stack(0x000000e88a000000,0x000000e88a100000) (1024K)]
  0x00000207e2e09a00 WorkerThread "G1 Conc#2"                       [id=18796, stack(0x000000e88a100000,0x000000e88a200000) (1024K)]
  0x00000207a826e700 ConcurrentGCThread "G1 Refine#0"               [id=16308, stack(0x000000e887a00000,0x000000e887b00000) (1024K)]
  0x00000207bfc072a0 ConcurrentGCThread "G1 Service"                [id=19604, stack(0x000000e887b00000,0x000000e887c00000) (1024K)]
Total: 18

Threads with active compile tasks:
C2 CompilerThread0  42821 15043       4       org.gradle.api.internal.artifacts.transform.TransformWorkspaceIdentity::createNonNormalizedImmutable (53 bytes)
C2 CompilerThread1  42821 15042       4       org.gradle.api.internal.artifacts.transform.NonNormalizedIdentityImmutableTransformExecution::createIdentity (69 bytes)
Total: 2

VM state: not at safepoint (normal execution)

VM Mutex/Monitor currently owned by a thread: None

Heap address: 0x0000000080000000, size: 2048 MB, Compressed Oops mode: 32-bit

CDS archive(s) mapped at: [0x00000207c0000000-0x00000207c0ba0000-0x00000207c0ba0000), size 12189696, SharedBaseAddress: 0x00000207c0000000, ArchiveRelocationMode: 1.
Compressed class space mapped at: 0x00000207c1000000-0x00000207db000000, reserved size: 436207616
Narrow klass base: 0x00000207c0000000, Narrow klass shift: 0, Narrow klass range: 0x100000000

GC Precious Log:
 CardTable entry size: 512
 Card Set container configuration: InlinePtr #cards 5 size 8 Array Of Cards #cards 12 size 40 Howl #buckets 4 coarsen threshold 1843 Howl Bitmap #cards 512 size 80 coarsen threshold 460 Card regions per heap region 1 cards per card region 2048
 CPUs: 12 total, 12 available
 Memory: 7930M
 Large Page Support: Disabled
 NUMA Support: Disabled
 Compressed Oops: Enabled (32-bit)
 Heap Region Size: 1M
 Heap Min Capacity: 8M
 Heap Initial Capacity: 124M
 Heap Max Capacity: 2G
 Pre-touch: Disabled
 Parallel Workers: 10
 Concurrent Workers: 3
 Concurrent Refinement Workers: 10
 Periodic GC: Disabled

Heap:
 garbage-first heap   total 247808K, used 185731K [0x0000000080000000, 0x0000000100000000)
  region size 1024K, 37 young (37888K), 8 survivors (8192K)
 Metaspace       used 109595K, committed 112064K, reserved 557056K
  class space    used 15684K, committed 16896K, reserved 425984K

Heap Regions: E=young(eden), S=young(survivor), O=old, HS=humongous(starts), HC=humongous(continues), CS=collection set, F=free, TAMS=top-at-mark-start, PB=parsable bottom
|   0|0x0000000080000000, 0x0000000080100000, 0x0000000080100000|100%| O|  |TAMS 0x0000000080000000| PB 0x0000000080000000| Untracked 
|   1|0x0000000080100000, 0x0000000080200000, 0x0000000080200000|100%|HS|  |TAMS 0x0000000080100000| PB 0x0000000080100000| Complete 
|   2|0x0000000080200000, 0x0000000080300000, 0x0000000080300000|100%|HC|  |TAMS 0x0000000080200000| PB 0x0000000080200000| Complete 
|   3|0x0000000080300000, 0x0000000080400000, 0x0000000080400000|100%|HC|  |TAMS 0x0000000080300000| PB 0x0000000080300000| Complete 
|   4|0x0000000080400000, 0x0000000080500000, 0x0000000080500000|100%| O|  |TAMS 0x0000000080400000| PB 0x0000000080400000| Untracked 
|   5|0x0000000080500000, 0x0000000080600000, 0x0000000080600000|100%| O|  |TAMS 0x0000000080500000| PB 0x0000000080500000| Untracked 
|   6|0x0000000080600000, 0x0000000080700000, 0x0000000080700000|100%| O|  |TAMS 0x0000000080600000| PB 0x0000000080600000| Untracked 
|   7|0x0000000080700000, 0x0000000080800000, 0x0000000080800000|100%|HS|  |TAMS 0x0000000080700000| PB 0x0000000080700000| Complete 
|   8|0x0000000080800000, 0x0000000080900000, 0x0000000080900000|100%| O|  |TAMS 0x0000000080800000| PB 0x0000000080800000| Untracked 
|   9|0x0000000080900000, 0x0000000080a00000, 0x0000000080a00000|100%| O|  |TAMS 0x0000000080900000| PB 0x0000000080900000| Untracked 
|  10|0x0000000080a00000, 0x0000000080b00000, 0x0000000080b00000|100%| O|  |TAMS 0x0000000080a00000| PB 0x0000000080a00000| Untracked 
|  11|0x0000000080b00000, 0x0000000080c00000, 0x0000000080c00000|100%| O|  |TAMS 0x0000000080b00000| PB 0x0000000080b00000| Untracked 
|  12|0x0000000080c00000, 0x0000000080d00000, 0x0000000080d00000|100%| O|  |TAMS 0x0000000080c00000| PB 0x0000000080c00000| Untracked 
|  13|0x0000000080d00000, 0x0000000080e00000, 0x0000000080e00000|100%| O|  |TAMS 0x0000000080d00000| PB 0x0000000080d00000| Untracked 
|  14|0x0000000080e00000, 0x0000000080f00000, 0x0000000080f00000|100%| O|  |TAMS 0x0000000080e00000| PB 0x0000000080e00000| Untracked 
|  15|0x0000000080f00000, 0x0000000081000000, 0x0000000081000000|100%| O|  |TAMS 0x0000000080f00000| PB 0x0000000080f00000| Untracked 
|  16|0x0000000081000000, 0x0000000081100000, 0x0000000081100000|100%| O|  |TAMS 0x0000000081000000| PB 0x0000000081000000| Untracked 
|  17|0x0000000081100000, 0x0000000081200000, 0x0000000081200000|100%| O|  |TAMS 0x0000000081100000| PB 0x0000000081100000| Untracked 
|  18|0x0000000081200000, 0x0000000081300000, 0x0000000081300000|100%| O|  |TAMS 0x0000000081200000| PB 0x0000000081200000| Untracked 
|  19|0x0000000081300000, 0x0000000081400000, 0x0000000081400000|100%| O|  |TAMS 0x0000000081300000| PB 0x0000000081300000| Untracked 
|  20|0x0000000081400000, 0x0000000081500000, 0x0000000081500000|100%| O|  |TAMS 0x0000000081400000| PB 0x0000000081400000| Untracked 
|  21|0x0000000081500000, 0x0000000081600000, 0x0000000081600000|100%| O|  |TAMS 0x0000000081500000| PB 0x0000000081500000| Untracked 
|  22|0x0000000081600000, 0x0000000081700000, 0x0000000081700000|100%| O|  |TAMS 0x0000000081600000| PB 0x0000000081600000| Untracked 
|  23|0x0000000081700000, 0x0000000081800000, 0x0000000081800000|100%| O|  |TAMS 0x0000000081700000| PB 0x0000000081700000| Untracked 
|  24|0x0000000081800000, 0x0000000081900000, 0x0000000081900000|100%| O|  |TAMS 0x0000000081800000| PB 0x0000000081800000| Untracked 
|  25|0x0000000081900000, 0x0000000081a00000, 0x0000000081a00000|100%| O|  |TAMS 0x0000000081900000| PB 0x0000000081900000| Untracked 
|  26|0x0000000081a00000, 0x0000000081b00000, 0x0000000081b00000|100%| O|  |TAMS 0x0000000081a00000| PB 0x0000000081a00000| Untracked 
|  27|0x0000000081b00000, 0x0000000081c00000, 0x0000000081c00000|100%| O|  |TAMS 0x0000000081b00000| PB 0x0000000081b00000| Untracked 
|  28|0x0000000081c00000, 0x0000000081d00000, 0x0000000081d00000|100%| O|  |TAMS 0x0000000081c00000| PB 0x0000000081c00000| Untracked 
|  29|0x0000000081d00000, 0x0000000081e00000, 0x0000000081e00000|100%|HS|  |TAMS 0x0000000081d00000| PB 0x0000000081d00000| Complete 
|  30|0x0000000081e00000, 0x0000000081f00000, 0x0000000081f00000|100%|HC|  |TAMS 0x0000000081e00000| PB 0x0000000081e00000| Complete 
|  31|0x0000000081f00000, 0x0000000082000000, 0x0000000082000000|100%| O|  |TAMS 0x0000000081f00000| PB 0x0000000081f00000| Untracked 
|  32|0x0000000082000000, 0x0000000082100000, 0x0000000082100000|100%|HS|  |TAMS 0x0000000082000000| PB 0x0000000082000000| Complete 
|  33|0x0000000082100000, 0x0000000082200000, 0x0000000082200000|100%|HC|  |TAMS 0x0000000082100000| PB 0x0000000082100000| Complete 
|  34|0x0000000082200000, 0x0000000082300000, 0x0000000082300000|100%|HC|  |TAMS 0x0000000082200000| PB 0x0000000082200000| Complete 
|  35|0x0000000082300000, 0x0000000082400000, 0x0000000082400000|100%| O|  |TAMS 0x0000000082300000| PB 0x0000000082300000| Untracked 
|  36|0x0000000082400000, 0x0000000082500000, 0x0000000082500000|100%| O|  |TAMS 0x0000000082400000| PB 0x0000000082400000| Untracked 
|  37|0x0000000082500000, 0x0000000082600000, 0x0000000082600000|100%| O|  |TAMS 0x0000000082500000| PB 0x0000000082500000| Untracked 
|  38|0x0000000082600000, 0x0000000082700000, 0x0000000082700000|100%| O|  |TAMS 0x0000000082600000| PB 0x0000000082600000| Untracked 
|  39|0x0000000082700000, 0x0000000082800000, 0x0000000082800000|100%| O|  |TAMS 0x0000000082700000| PB 0x0000000082700000| Untracked 
|  40|0x0000000082800000, 0x0000000082900000, 0x0000000082900000|100%|HS|  |TAMS 0x0000000082800000| PB 0x0000000082800000| Complete 
|  41|0x0000000082900000, 0x0000000082a00000, 0x0000000082a00000|100%|HC|  |TAMS 0x0000000082900000| PB 0x0000000082900000| Complete 
|  42|0x0000000082a00000, 0x0000000082b00000, 0x0000000082b00000|100%|HS|  |TAMS 0x0000000082a00000| PB 0x0000000082a00000| Complete 
|  43|0x0000000082b00000, 0x0000000082c00000, 0x0000000082c00000|100%|HC|  |TAMS 0x0000000082b00000| PB 0x0000000082b00000| Complete 
|  44|0x0000000082c00000, 0x0000000082d00000, 0x0000000082d00000|100%|HC|  |TAMS 0x0000000082c00000| PB 0x0000000082c00000| Complete 
|  45|0x0000000082d00000, 0x0000000082e00000, 0x0000000082e00000|100%| O|  |TAMS 0x0000000082d00000| PB 0x0000000082d00000| Untracked 
|  46|0x0000000082e00000, 0x0000000082f00000, 0x0000000082f00000|100%| O|  |TAMS 0x0000000082e00000| PB 0x0000000082e00000| Untracked 
|  47|0x0000000082f00000, 0x0000000083000000, 0x0000000083000000|100%| O|  |TAMS 0x0000000082f00000| PB 0x0000000082f00000| Untracked 
|  48|0x0000000083000000, 0x0000000083100000, 0x0000000083100000|100%| O|  |TAMS 0x0000000083000000| PB 0x0000000083000000| Untracked 
|  49|0x0000000083100000, 0x0000000083200000, 0x0000000083200000|100%| O|  |TAMS 0x0000000083100000| PB 0x0000000083100000| Untracked 
|  50|0x0000000083200000, 0x0000000083300000, 0x0000000083300000|100%| O|  |TAMS 0x0000000083200000| PB 0x0000000083200000| Untracked 
|  51|0x0000000083300000, 0x0000000083400000, 0x0000000083400000|100%| O|  |TAMS 0x0000000083300000| PB 0x0000000083300000| Untracked 
|  52|0x0000000083400000, 0x0000000083500000, 0x0000000083500000|100%| O|  |TAMS 0x0000000083400000| PB 0x0000000083400000| Untracked 
|  53|0x0000000083500000, 0x0000000083600000, 0x0000000083600000|100%| O|  |TAMS 0x0000000083500000| PB 0x0000000083500000| Untracked 
|  54|0x0000000083600000, 0x0000000083700000, 0x0000000083700000|100%| O|  |TAMS 0x0000000083600000| PB 0x0000000083600000| Untracked 
|  55|0x0000000083700000, 0x0000000083800000, 0x0000000083800000|100%| O|  |TAMS 0x0000000083700000| PB 0x0000000083700000| Untracked 
|  56|0x0000000083800000, 0x0000000083900000, 0x0000000083900000|100%| O|  |TAMS 0x0000000083800000| PB 0x0000000083800000| Untracked 
|  57|0x0000000083900000, 0x0000000083a00000, 0x0000000083a00000|100%| O|  |TAMS 0x0000000083900000| PB 0x0000000083900000| Untracked 
|  58|0x0000000083a00000, 0x0000000083b00000, 0x0000000083b00000|100%| O|  |TAMS 0x0000000083a00000| PB 0x0000000083a00000| Untracked 
|  59|0x0000000083b00000, 0x0000000083c00000, 0x0000000083c00000|100%|HS|  |TAMS 0x0000000083b00000| PB 0x0000000083b00000| Complete 
|  60|0x0000000083c00000, 0x0000000083d00000, 0x0000000083d00000|100%| O|  |TAMS 0x0000000083c00000| PB 0x0000000083c00000| Untracked 
|  61|0x0000000083d00000, 0x0000000083e00000, 0x0000000083e00000|100%| O|  |TAMS 0x0000000083d00000| PB 0x0000000083d00000| Untracked 
|  62|0x0000000083e00000, 0x0000000083f00000, 0x0000000083f00000|100%| O|  |TAMS 0x0000000083e00000| PB 0x0000000083e00000| Untracked 
|  63|0x0000000083f00000, 0x0000000084000000, 0x0000000084000000|100%| O|  |TAMS 0x0000000083f00000| PB 0x0000000083f00000| Untracked 
|  64|0x0000000084000000, 0x0000000084100000, 0x0000000084100000|100%|HS|  |TAMS 0x0000000084000000| PB 0x0000000084000000| Complete 
|  65|0x0000000084100000, 0x0000000084200000, 0x0000000084200000|100%|HS|  |TAMS 0x0000000084100000| PB 0x0000000084100000| Complete 
|  66|0x0000000084200000, 0x0000000084300000, 0x0000000084300000|100%|HS|  |TAMS 0x0000000084200000| PB 0x0000000084200000| Complete 
|  67|0x0000000084300000, 0x0000000084400000, 0x0000000084400000|100%|HS|  |TAMS 0x0000000084300000| PB 0x0000000084300000| Complete 
|  68|0x0000000084400000, 0x0000000084500000, 0x0000000084500000|100%|HS|  |TAMS 0x0000000084400000| PB 0x0000000084400000| Complete 
|  69|0x0000000084500000, 0x0000000084600000, 0x0000000084600000|100%|HS|  |TAMS 0x0000000084500000| PB 0x0000000084500000| Complete 
|  70|0x0000000084600000, 0x0000000084700000, 0x0000000084700000|100%|HS|  |TAMS 0x0000000084600000| PB 0x0000000084600000| Complete 
|  71|0x0000000084700000, 0x0000000084800000, 0x0000000084800000|100%|HC|  |TAMS 0x0000000084700000| PB 0x0000000084700000| Complete 
|  72|0x0000000084800000, 0x0000000084900000, 0x0000000084900000|100%|HS|  |TAMS 0x0000000084800000| PB 0x0000000084800000| Complete 
|  73|0x0000000084900000, 0x0000000084a00000, 0x0000000084a00000|100%|HS|  |TAMS 0x0000000084900000| PB 0x0000000084900000| Complete 
|  74|0x0000000084a00000, 0x0000000084b00000, 0x0000000084b00000|100%|HS|  |TAMS 0x0000000084a00000| PB 0x0000000084a00000| Complete 
|  75|0x0000000084b00000, 0x0000000084c00000, 0x0000000084c00000|100%|HS|  |TAMS 0x0000000084b00000| PB 0x0000000084b00000| Complete 
|  76|0x0000000084c00000, 0x0000000084d00000, 0x0000000084d00000|100%|HC|  |TAMS 0x0000000084c00000| PB 0x0000000084c00000| Complete 
|  77|0x0000000084d00000, 0x0000000084e00000, 0x0000000084e00000|100%|HS|  |TAMS 0x0000000084d00000| PB 0x0000000084d00000| Complete 
|  78|0x0000000084e00000, 0x0000000084f00000, 0x0000000084f00000|100%|HS|  |TAMS 0x0000000084e00000| PB 0x0000000084e00000| Complete 
|  79|0x0000000084f00000, 0x0000000085000000, 0x0000000085000000|100%| O|  |TAMS 0x0000000084f00000| PB 0x0000000084f00000| Untracked 
|  80|0x0000000085000000, 0x0000000085100000, 0x0000000085100000|100%| O|  |TAMS 0x0000000085000000| PB 0x0000000085000000| Untracked 
|  81|0x0000000085100000, 0x0000000085200000, 0x0000000085200000|100%| O|  |TAMS 0x0000000085100000| PB 0x0000000085100000| Untracked 
|  82|0x0000000085200000, 0x0000000085300000, 0x0000000085300000|100%| O|  |TAMS 0x0000000085200000| PB 0x0000000085200000| Untracked 
|  83|0x0000000085300000, 0x0000000085400000, 0x0000000085400000|100%| O|  |TAMS 0x0000000085300000| PB 0x0000000085300000| Untracked 
|  84|0x0000000085400000, 0x0000000085500000, 0x0000000085500000|100%| O|  |TAMS 0x0000000085400000| PB 0x0000000085400000| Untracked 
|  85|0x0000000085500000, 0x0000000085600000, 0x0000000085600000|100%| O|  |TAMS 0x0000000085500000| PB 0x0000000085500000| Untracked 
|  86|0x0000000085600000, 0x0000000085700000, 0x0000000085700000|100%| O|  |TAMS 0x0000000085600000| PB 0x0000000085600000| Untracked 
|  87|0x0000000085700000, 0x0000000085800000, 0x0000000085800000|100%| O|  |TAMS 0x0000000085700000| PB 0x0000000085700000| Untracked 
|  88|0x0000000085800000, 0x0000000085900000, 0x0000000085900000|100%| O|  |TAMS 0x0000000085800000| PB 0x0000000085800000| Untracked 
|  89|0x0000000085900000, 0x0000000085a00000, 0x0000000085a00000|100%| O|  |TAMS 0x0000000085900000| PB 0x0000000085900000| Untracked 
|  90|0x0000000085a00000, 0x0000000085b00000, 0x0000000085b00000|100%| O|  |TAMS 0x0000000085a00000| PB 0x0000000085a00000| Untracked 
|  91|0x0000000085b00000, 0x0000000085c00000, 0x0000000085c00000|100%|HS|  |TAMS 0x0000000085b00000| PB 0x0000000085b00000| Complete 
|  92|0x0000000085c00000, 0x0000000085d00000, 0x0000000085d00000|100%|HS|  |TAMS 0x0000000085c00000| PB 0x0000000085c00000| Complete 
|  93|0x0000000085d00000, 0x0000000085e00000, 0x0000000085e00000|100%| O|  |TAMS 0x0000000085d00000| PB 0x0000000085d00000| Untracked 
|  94|0x0000000085e00000, 0x0000000085f00000, 0x0000000085f00000|100%| O|  |TAMS 0x0000000085e00000| PB 0x0000000085e00000| Untracked 
|  95|0x0000000085f00000, 0x0000000086000000, 0x0000000086000000|100%| O|  |TAMS 0x0000000085f00000| PB 0x0000000085f00000| Untracked 
|  96|0x0000000086000000, 0x0000000086100000, 0x0000000086100000|100%| O|  |TAMS 0x0000000086000000| PB 0x0000000086000000| Untracked 
|  97|0x0000000086100000, 0x0000000086200000, 0x0000000086200000|100%| O|  |TAMS 0x0000000086100000| PB 0x0000000086100000| Untracked 
|  98|0x0000000086200000, 0x0000000086300000, 0x0000000086300000|100%| O|  |TAMS 0x0000000086200000| PB 0x0000000086200000| Untracked 
|  99|0x0000000086300000, 0x0000000086400000, 0x0000000086400000|100%| O|  |TAMS 0x0000000086300000| PB 0x0000000086300000| Untracked 
| 100|0x0000000086400000, 0x0000000086500000, 0x0000000086500000|100%| O|  |TAMS 0x0000000086400000| PB 0x0000000086400000| Untracked 
| 101|0x0000000086500000, 0x0000000086600000, 0x0000000086600000|100%| O|  |TAMS 0x0000000086500000| PB 0x0000000086500000| Untracked 
| 102|0x0000000086600000, 0x0000000086700000, 0x0000000086700000|100%| O|  |TAMS 0x0000000086600000| PB 0x0000000086600000| Untracked 
| 103|0x0000000086700000, 0x0000000086800000, 0x0000000086800000|100%| O|  |TAMS 0x0000000086700000| PB 0x0000000086700000| Untracked 
| 104|0x0000000086800000, 0x0000000086900000, 0x0000000086900000|100%| O|Cm|TAMS 0x0000000086800000| PB 0x0000000086800000| Complete 
| 105|0x0000000086900000, 0x0000000086900000, 0x0000000086a00000|  0%| F|  |TAMS 0x0000000086900000| PB 0x0000000086900000| Untracked 
| 106|0x0000000086a00000, 0x0000000086b00000, 0x0000000086b00000|100%| O|  |TAMS 0x0000000086a00000| PB 0x0000000086a00000| Untracked 
| 107|0x0000000086b00000, 0x0000000086c00000, 0x0000000086c00000|100%| O|  |TAMS 0x0000000086b00000| PB 0x0000000086b00000| Untracked 
| 108|0x0000000086c00000, 0x0000000086d00000, 0x0000000086d00000|100%| O|  |TAMS 0x0000000086c00000| PB 0x0000000086c00000| Untracked 
| 109|0x0000000086d00000, 0x0000000086e00000, 0x0000000086e00000|100%| O|  |TAMS 0x0000000086d00000| PB 0x0000000086d00000| Untracked 
| 110|0x0000000086e00000, 0x0000000086f00000, 0x0000000086f00000|100%| O|Cm|TAMS 0x0000000086e00000| PB 0x0000000086e00000| Complete 
| 111|0x0000000086f00000, 0x0000000087000000, 0x0000000087000000|100%| O|  |TAMS 0x0000000086f00000| PB 0x0000000086f00000| Untracked 
| 112|0x0000000087000000, 0x0000000087100000, 0x0000000087100000|100%| O|Cm|TAMS 0x0000000087000000| PB 0x0000000087000000| Complete 
| 113|0x0000000087100000, 0x0000000087200000, 0x0000000087200000|100%| O|Cm|TAMS 0x0000000087100000| PB 0x0000000087100000| Complete 
| 114|0x0000000087200000, 0x0000000087300000, 0x0000000087300000|100%| O|  |TAMS 0x0000000087200000| PB 0x0000000087200000| Untracked 
| 115|0x0000000087300000, 0x0000000087400000, 0x0000000087400000|100%| O|  |TAMS 0x0000000087300000| PB 0x0000000087300000| Untracked 
| 116|0x0000000087400000, 0x0000000087500000, 0x0000000087500000|100%| O|  |TAMS 0x0000000087400000| PB 0x0000000087400000| Untracked 
| 117|0x0000000087500000, 0x0000000087600000, 0x0000000087600000|100%| O|  |TAMS 0x0000000087500000| PB 0x0000000087500000| Untracked 
| 118|0x0000000087600000, 0x0000000087700000, 0x0000000087700000|100%| O|Cm|TAMS 0x0000000087600000| PB 0x0000000087600000| Complete 
| 119|0x0000000087700000, 0x0000000087800000, 0x0000000087800000|100%| O|  |TAMS 0x0000000087700000| PB 0x0000000087700000| Untracked 
| 120|0x0000000087800000, 0x0000000087900000, 0x0000000087900000|100%| O|  |TAMS 0x0000000087800000| PB 0x0000000087800000| Untracked 
| 121|0x0000000087900000, 0x0000000087a00000, 0x0000000087a00000|100%| O|  |TAMS 0x0000000087900000| PB 0x0000000087900000| Untracked 
| 122|0x0000000087a00000, 0x0000000087b00000, 0x0000000087b00000|100%| O|  |TAMS 0x0000000087a00000| PB 0x0000000087a00000| Untracked 
| 123|0x0000000087b00000, 0x0000000087c00000, 0x0000000087c00000|100%| O|  |TAMS 0x0000000087b00000| PB 0x0000000087b00000| Untracked 
| 124|0x0000000087c00000, 0x0000000087d00000, 0x0000000087d00000|100%| O|  |TAMS 0x0000000087c00000| PB 0x0000000087c00000| Untracked 
| 125|0x0000000087d00000, 0x0000000087e00000, 0x0000000087e00000|100%| O|  |TAMS 0x0000000087d00000| PB 0x0000000087d00000| Untracked 
| 126|0x0000000087e00000, 0x0000000087f00000, 0x0000000087f00000|100%| O|  |TAMS 0x0000000087e00000| PB 0x0000000087e00000| Untracked 
| 127|0x0000000087f00000, 0x0000000088000000, 0x0000000088000000|100%| O|  |TAMS 0x0000000087f00000| PB 0x0000000087f00000| Untracked 
| 128|0x0000000088000000, 0x0000000088100000, 0x0000000088100000|100%| O|  |TAMS 0x0000000088000000| PB 0x0000000088000000| Untracked 
| 129|0x0000000088100000, 0x0000000088200000, 0x0000000088200000|100%| O|  |TAMS 0x0000000088100000| PB 0x0000000088100000| Untracked 
| 130|0x0000000088200000, 0x0000000088300000, 0x0000000088300000|100%| O|  |TAMS 0x0000000088200000| PB 0x0000000088200000| Untracked 
| 131|0x0000000088300000, 0x0000000088400000, 0x0000000088400000|100%| O|  |TAMS 0x0000000088300000| PB 0x0000000088300000| Untracked 
| 132|0x0000000088400000, 0x0000000088500000, 0x0000000088500000|100%| O|  |TAMS 0x0000000088400000| PB 0x0000000088400000| Untracked 
| 133|0x0000000088500000, 0x0000000088560ca0, 0x0000000088600000| 37%| O|  |TAMS 0x0000000088500000| PB 0x0000000088500000| Untracked 
| 134|0x0000000088600000, 0x0000000088600000, 0x0000000088700000|  0%| F|  |TAMS 0x0000000088600000| PB 0x0000000088600000| Untracked 
| 135|0x0000000088700000, 0x0000000088700000, 0x0000000088800000|  0%| F|  |TAMS 0x0000000088700000| PB 0x0000000088700000| Untracked 
| 136|0x0000000088800000, 0x0000000088800000, 0x0000000088900000|  0%| F|  |TAMS 0x0000000088800000| PB 0x0000000088800000| Untracked 
| 137|0x0000000088900000, 0x0000000088900000, 0x0000000088a00000|  0%| F|  |TAMS 0x0000000088900000| PB 0x0000000088900000| Untracked 
| 138|0x0000000088a00000, 0x0000000088a00000, 0x0000000088b00000|  0%| F|  |TAMS 0x0000000088a00000| PB 0x0000000088a00000| Untracked 
| 139|0x0000000088b00000, 0x0000000088b00000, 0x0000000088c00000|  0%| F|  |TAMS 0x0000000088b00000| PB 0x0000000088b00000| Untracked 
| 140|0x0000000088c00000, 0x0000000088c00000, 0x0000000088d00000|  0%| F|  |TAMS 0x0000000088c00000| PB 0x0000000088c00000| Untracked 
| 141|0x0000000088d00000, 0x0000000088d00000, 0x0000000088e00000|  0%| F|  |TAMS 0x0000000088d00000| PB 0x0000000088d00000| Untracked 
| 142|0x0000000088e00000, 0x0000000088e00000, 0x0000000088f00000|  0%| F|  |TAMS 0x0000000088e00000| PB 0x0000000088e00000| Untracked 
| 143|0x0000000088f00000, 0x0000000088f00000, 0x0000000089000000|  0%| F|  |TAMS 0x0000000088f00000| PB 0x0000000088f00000| Untracked 
| 144|0x0000000089000000, 0x0000000089000000, 0x0000000089100000|  0%| F|  |TAMS 0x0000000089000000| PB 0x0000000089000000| Untracked 
| 145|0x0000000089100000, 0x0000000089100000, 0x0000000089200000|  0%| F|  |TAMS 0x0000000089100000| PB 0x0000000089100000| Untracked 
| 146|0x0000000089200000, 0x0000000089200000, 0x0000000089300000|  0%| F|  |TAMS 0x0000000089200000| PB 0x0000000089200000| Untracked 
| 147|0x0000000089300000, 0x0000000089300000, 0x0000000089400000|  0%| F|  |TAMS 0x0000000089300000| PB 0x0000000089300000| Untracked 
| 148|0x0000000089400000, 0x0000000089400000, 0x0000000089500000|  0%| F|  |TAMS 0x0000000089400000| PB 0x0000000089400000| Untracked 
| 149|0x0000000089500000, 0x0000000089500000, 0x0000000089600000|  0%| F|  |TAMS 0x0000000089500000| PB 0x0000000089500000| Untracked 
| 150|0x0000000089600000, 0x0000000089600000, 0x0000000089700000|  0%| F|  |TAMS 0x0000000089600000| PB 0x0000000089600000| Untracked 
| 151|0x0000000089700000, 0x0000000089700000, 0x0000000089800000|  0%| F|  |TAMS 0x0000000089700000| PB 0x0000000089700000| Untracked 
| 152|0x0000000089800000, 0x0000000089800000, 0x0000000089900000|  0%| F|  |TAMS 0x0000000089800000| PB 0x0000000089800000| Untracked 
| 153|0x0000000089900000, 0x0000000089900000, 0x0000000089a00000|  0%| F|  |TAMS 0x0000000089900000| PB 0x0000000089900000| Untracked 
| 154|0x0000000089a00000, 0x0000000089a00000, 0x0000000089b00000|  0%| F|  |TAMS 0x0000000089a00000| PB 0x0000000089a00000| Untracked 
| 155|0x0000000089b00000, 0x0000000089b00000, 0x0000000089c00000|  0%| F|  |TAMS 0x0000000089b00000| PB 0x0000000089b00000| Untracked 
| 156|0x0000000089c00000, 0x0000000089d00000, 0x0000000089d00000|100%| S|CS|TAMS 0x0000000089c00000| PB 0x0000000089c00000| Complete 
| 157|0x0000000089d00000, 0x0000000089e00000, 0x0000000089e00000|100%| S|CS|TAMS 0x0000000089d00000| PB 0x0000000089d00000| Complete 
| 158|0x0000000089e00000, 0x0000000089f00000, 0x0000000089f00000|100%| S|CS|TAMS 0x0000000089e00000| PB 0x0000000089e00000| Complete 
| 159|0x0000000089f00000, 0x000000008a000000, 0x000000008a000000|100%| S|CS|TAMS 0x0000000089f00000| PB 0x0000000089f00000| Complete 
| 160|0x000000008a000000, 0x000000008a100000, 0x000000008a100000|100%| S|CS|TAMS 0x000000008a000000| PB 0x000000008a000000| Complete 
| 161|0x000000008a100000, 0x000000008a200000, 0x000000008a200000|100%| S|CS|TAMS 0x000000008a100000| PB 0x000000008a100000| Complete 
| 162|0x000000008a200000, 0x000000008a200000, 0x000000008a300000|  0%| F|  |TAMS 0x000000008a200000| PB 0x000000008a200000| Untracked 
| 163|0x000000008a300000, 0x000000008a300000, 0x000000008a400000|  0%| F|  |TAMS 0x000000008a300000| PB 0x000000008a300000| Untracked 
| 164|0x000000008a400000, 0x000000008a400000, 0x000000008a500000|  0%| F|  |TAMS 0x000000008a400000| PB 0x000000008a400000| Untracked 
| 165|0x000000008a500000, 0x000000008a500000, 0x000000008a600000|  0%| F|  |TAMS 0x000000008a500000| PB 0x000000008a500000| Untracked 
| 166|0x000000008a600000, 0x000000008a600000, 0x000000008a700000|  0%| F|  |TAMS 0x000000008a600000| PB 0x000000008a600000| Untracked 
| 167|0x000000008a700000, 0x000000008a700000, 0x000000008a800000|  0%| F|  |TAMS 0x000000008a700000| PB 0x000000008a700000| Untracked 
| 168|0x000000008a800000, 0x000000008a900000, 0x000000008a900000|100%| S|CS|TAMS 0x000000008a800000| PB 0x000000008a800000| Complete 
| 169|0x000000008a900000, 0x000000008aa00000, 0x000000008aa00000|100%| S|CS|TAMS 0x000000008a900000| PB 0x000000008a900000| Complete 
| 170|0x000000008aa00000, 0x000000008aa00000, 0x000000008ab00000|  0%| F|  |TAMS 0x000000008aa00000| PB 0x000000008aa00000| Untracked 
| 171|0x000000008ab00000, 0x000000008ab00000, 0x000000008ac00000|  0%| F|  |TAMS 0x000000008ab00000| PB 0x000000008ab00000| Untracked 
| 172|0x000000008ac00000, 0x000000008ac00000, 0x000000008ad00000|  0%| F|  |TAMS 0x000000008ac00000| PB 0x000000008ac00000| Untracked 
| 173|0x000000008ad00000, 0x000000008ad00000, 0x000000008ae00000|  0%| F|  |TAMS 0x000000008ad00000| PB 0x000000008ad00000| Untracked 
| 174|0x000000008ae00000, 0x000000008ae00000, 0x000000008af00000|  0%| F|  |TAMS 0x000000008ae00000| PB 0x000000008ae00000| Untracked 
| 175|0x000000008af00000, 0x000000008af00000, 0x000000008b000000|  0%| F|  |TAMS 0x000000008af00000| PB 0x000000008af00000| Untracked 
| 176|0x000000008b000000, 0x000000008b000000, 0x000000008b100000|  0%| F|  |TAMS 0x000000008b000000| PB 0x000000008b000000| Untracked 
| 177|0x000000008b100000, 0x000000008b100000, 0x000000008b200000|  0%| F|  |TAMS 0x000000008b100000| PB 0x000000008b100000| Untracked 
| 178|0x000000008b200000, 0x000000008b200000, 0x000000008b300000|  0%| F|  |TAMS 0x000000008b200000| PB 0x000000008b200000| Untracked 
| 179|0x000000008b300000, 0x000000008b300000, 0x000000008b400000|  0%| F|  |TAMS 0x000000008b300000| PB 0x000000008b300000| Untracked 
| 180|0x000000008b400000, 0x000000008b400000, 0x000000008b500000|  0%| F|  |TAMS 0x000000008b400000| PB 0x000000008b400000| Untracked 
| 181|0x000000008b500000, 0x000000008b500000, 0x000000008b600000|  0%| F|  |TAMS 0x000000008b500000| PB 0x000000008b500000| Untracked 
| 182|0x000000008b600000, 0x000000008b600000, 0x000000008b700000|  0%| F|  |TAMS 0x000000008b600000| PB 0x000000008b600000| Untracked 
| 183|0x000000008b700000, 0x000000008b700000, 0x000000008b800000|  0%| F|  |TAMS 0x000000008b700000| PB 0x000000008b700000| Untracked 
| 184|0x000000008b800000, 0x000000008b800000, 0x000000008b900000|  0%| F|  |TAMS 0x000000008b800000| PB 0x000000008b800000| Untracked 
| 185|0x000000008b900000, 0x000000008b900000, 0x000000008ba00000|  0%| F|  |TAMS 0x000000008b900000| PB 0x000000008b900000| Untracked 
| 186|0x000000008ba00000, 0x000000008ba00000, 0x000000008bb00000|  0%| F|  |TAMS 0x000000008ba00000| PB 0x000000008ba00000| Untracked 
| 187|0x000000008bb00000, 0x000000008bb00000, 0x000000008bc00000|  0%| F|  |TAMS 0x000000008bb00000| PB 0x000000008bb00000| Untracked 
| 188|0x000000008bc00000, 0x000000008bc00000, 0x000000008bd00000|  0%| F|  |TAMS 0x000000008bc00000| PB 0x000000008bc00000| Untracked 
| 189|0x000000008bd00000, 0x000000008bd00000, 0x000000008be00000|  0%| F|  |TAMS 0x000000008bd00000| PB 0x000000008bd00000| Untracked 
| 190|0x000000008be00000, 0x000000008be00000, 0x000000008bf00000|  0%| F|  |TAMS 0x000000008be00000| PB 0x000000008be00000| Untracked 
| 191|0x000000008bf00000, 0x000000008bf00000, 0x000000008c000000|  0%| F|  |TAMS 0x000000008bf00000| PB 0x000000008bf00000| Untracked 
| 192|0x000000008c000000, 0x000000008c000000, 0x000000008c100000|  0%| F|  |TAMS 0x000000008c000000| PB 0x000000008c000000| Untracked 
| 193|0x000000008c100000, 0x000000008c100000, 0x000000008c200000|  0%| F|  |TAMS 0x000000008c100000| PB 0x000000008c100000| Untracked 
| 194|0x000000008c200000, 0x000000008c200000, 0x000000008c300000|  0%| F|  |TAMS 0x000000008c200000| PB 0x000000008c200000| Untracked 
| 195|0x000000008c300000, 0x000000008c300000, 0x000000008c400000|  0%| F|  |TAMS 0x000000008c300000| PB 0x000000008c300000| Untracked 
| 196|0x000000008c400000, 0x000000008c400000, 0x000000008c500000|  0%| F|  |TAMS 0x000000008c400000| PB 0x000000008c400000| Untracked 
| 197|0x000000008c500000, 0x000000008c500000, 0x000000008c600000|  0%| F|  |TAMS 0x000000008c500000| PB 0x000000008c500000| Untracked 
| 198|0x000000008c600000, 0x000000008c600000, 0x000000008c700000|  0%| F|  |TAMS 0x000000008c600000| PB 0x000000008c600000| Untracked 
| 199|0x000000008c700000, 0x000000008c7a4f28, 0x000000008c800000| 64%| E|  |TAMS 0x000000008c700000| PB 0x000000008c700000| Complete 
| 200|0x000000008c800000, 0x000000008c900000, 0x000000008c900000|100%| E|CS|TAMS 0x000000008c800000| PB 0x000000008c800000| Complete 
| 201|0x000000008c900000, 0x000000008ca00000, 0x000000008ca00000|100%| E|CS|TAMS 0x000000008c900000| PB 0x000000008c900000| Complete 
| 202|0x000000008ca00000, 0x000000008cb00000, 0x000000008cb00000|100%| E|CS|TAMS 0x000000008ca00000| PB 0x000000008ca00000| Complete 
| 203|0x000000008cb00000, 0x000000008cc00000, 0x000000008cc00000|100%| E|CS|TAMS 0x000000008cb00000| PB 0x000000008cb00000| Complete 
| 204|0x000000008cc00000, 0x000000008cd00000, 0x000000008cd00000|100%| E|  |TAMS 0x000000008cc00000| PB 0x000000008cc00000| Complete 
| 205|0x000000008cd00000, 0x000000008ce00000, 0x000000008ce00000|100%| E|CS|TAMS 0x000000008cd00000| PB 0x000000008cd00000| Complete 
| 206|0x000000008ce00000, 0x000000008cf00000, 0x000000008cf00000|100%| E|CS|TAMS 0x000000008ce00000| PB 0x000000008ce00000| Complete 
| 207|0x000000008cf00000, 0x000000008d000000, 0x000000008d000000|100%| E|CS|TAMS 0x000000008cf00000| PB 0x000000008cf00000| Complete 
| 208|0x000000008d000000, 0x000000008d100000, 0x000000008d100000|100%| E|CS|TAMS 0x000000008d000000| PB 0x000000008d000000| Complete 
| 209|0x000000008d100000, 0x000000008d200000, 0x000000008d200000|100%| E|CS|TAMS 0x000000008d100000| PB 0x000000008d100000| Complete 
| 210|0x000000008d200000, 0x000000008d300000, 0x000000008d300000|100%| E|CS|TAMS 0x000000008d200000| PB 0x000000008d200000| Complete 
| 211|0x000000008d300000, 0x000000008d400000, 0x000000008d400000|100%| E|CS|TAMS 0x000000008d300000| PB 0x000000008d300000| Complete 
| 212|0x000000008d400000, 0x000000008d500000, 0x000000008d500000|100%| E|CS|TAMS 0x000000008d400000| PB 0x000000008d400000| Complete 
| 213|0x000000008d500000, 0x000000008d600000, 0x000000008d600000|100%| E|CS|TAMS 0x000000008d500000| PB 0x000000008d500000| Complete 
| 214|0x000000008d600000, 0x000000008d700000, 0x000000008d700000|100%| E|CS|TAMS 0x000000008d600000| PB 0x000000008d600000| Complete 
| 215|0x000000008d700000, 0x000000008d800000, 0x000000008d800000|100%| E|CS|TAMS 0x000000008d700000| PB 0x000000008d700000| Complete 
| 216|0x000000008d800000, 0x000000008d900000, 0x000000008d900000|100%| E|CS|TAMS 0x000000008d800000| PB 0x000000008d800000| Complete 
| 217|0x000000008d900000, 0x000000008da00000, 0x000000008da00000|100%| E|CS|TAMS 0x000000008d900000| PB 0x000000008d900000| Complete 
| 218|0x000000008da00000, 0x000000008db00000, 0x000000008db00000|100%| E|CS|TAMS 0x000000008da00000| PB 0x000000008da00000| Complete 
| 219|0x000000008db00000, 0x000000008dc00000, 0x000000008dc00000|100%| E|CS|TAMS 0x000000008db00000| PB 0x000000008db00000| Complete 
| 220|0x000000008dc00000, 0x000000008dd00000, 0x000000008dd00000|100%| E|CS|TAMS 0x000000008dc00000| PB 0x000000008dc00000| Complete 
| 221|0x000000008dd00000, 0x000000008de00000, 0x000000008de00000|100%| E|CS|TAMS 0x000000008dd00000| PB 0x000000008dd00000| Complete 
| 222|0x000000008de00000, 0x000000008df00000, 0x000000008df00000|100%| E|CS|TAMS 0x000000008de00000| PB 0x000000008de00000| Complete 
| 223|0x000000008df00000, 0x000000008e000000, 0x000000008e000000|100%| E|CS|TAMS 0x000000008df00000| PB 0x000000008df00000| Complete 
| 224|0x000000008e000000, 0x000000008e100000, 0x000000008e100000|100%| E|CS|TAMS 0x000000008e000000| PB 0x000000008e000000| Complete 
|2031|0x00000000fef00000, 0x00000000ff000000, 0x00000000ff000000|100%| O|  |TAMS 0x00000000fef00000| PB 0x00000000fef00000| Untracked 
|2032|0x00000000ff000000, 0x00000000ff100000, 0x00000000ff100000|100%| O|  |TAMS 0x00000000ff000000| PB 0x00000000ff000000| Untracked 
|2033|0x00000000ff100000, 0x00000000ff200000, 0x00000000ff200000|100%| O|  |TAMS 0x00000000ff100000| PB 0x00000000ff100000| Untracked 
|2034|0x00000000ff200000, 0x00000000ff300000, 0x00000000ff300000|100%| O|  |TAMS 0x00000000ff200000| PB 0x00000000ff200000| Untracked 
|2035|0x00000000ff300000, 0x00000000ff400000, 0x00000000ff400000|100%| O|  |TAMS 0x00000000ff300000| PB 0x00000000ff300000| Untracked 
|2036|0x00000000ff400000, 0x00000000ff500000, 0x00000000ff500000|100%| O|  |TAMS 0x00000000ff400000| PB 0x00000000ff400000| Untracked 
|2037|0x00000000ff500000, 0x00000000ff600000, 0x00000000ff600000|100%| O|  |TAMS 0x00000000ff500000| PB 0x00000000ff500000| Untracked 
|2038|0x00000000ff600000, 0x00000000ff700000, 0x00000000ff700000|100%| O|  |TAMS 0x00000000ff600000| PB 0x00000000ff600000| Untracked 
|2039|0x00000000ff700000, 0x00000000ff800000, 0x00000000ff800000|100%| E|CS|TAMS 0x00000000ff700000| PB 0x00000000ff700000| Complete 
|2040|0x00000000ff800000, 0x00000000ff900000, 0x00000000ff900000|100%| E|CS|TAMS 0x00000000ff800000| PB 0x00000000ff800000| Complete 
|2041|0x00000000ff900000, 0x00000000ffa00000, 0x00000000ffa00000|100%| E|CS|TAMS 0x00000000ff900000| PB 0x00000000ff900000| Complete 
|2042|0x00000000ffa00000, 0x00000000ffb00000, 0x00000000ffb00000|100%| O|  |TAMS 0x00000000ffa00000| PB 0x00000000ffa00000| Untracked 
|2043|0x00000000ffb00000, 0x00000000ffc00000, 0x00000000ffc00000|100%| O|  |TAMS 0x00000000ffb00000| PB 0x00000000ffb00000| Untracked 
|2044|0x00000000ffc00000, 0x00000000ffd00000, 0x00000000ffd00000|100%| O|  |TAMS 0x00000000ffc00000| PB 0x00000000ffc00000| Untracked 
|2045|0x00000000ffd00000, 0x00000000ffe00000, 0x00000000ffe00000|100%| O|  |TAMS 0x00000000ffd00000| PB 0x00000000ffd00000| Untracked 
|2046|0x00000000ffe00000, 0x00000000fff00000, 0x00000000fff00000|100%| O|  |TAMS 0x00000000ffe00000| PB 0x00000000ffe00000| Untracked 
|2047|0x00000000fff00000, 0x0000000100000000, 0x0000000100000000|100%| O|  |TAMS 0x00000000fff00000| PB 0x00000000fff00000| Untracked 

Card table byte_map: [0x00000207bad10000,0x00000207bb110000] _byte_map_base: 0x00000207ba910000

Marking Bits: (CMBitMap*) 0x00000207a8201b20
 Bits: [0x00000207bb110000, 0x00000207bd110000)

Polling page: 0x00000207a6080000

Metaspace:

Usage:
  Non-class:     91.71 MB used.
      Class:     15.32 MB used.
       Both:    107.03 MB used.

Virtual space:
  Non-class space:      128.00 MB reserved,      92.94 MB ( 73%) committed,  2 nodes.
      Class space:      416.00 MB reserved,      16.50 MB (  4%) committed,  1 nodes.
             Both:      544.00 MB reserved,     109.44 MB ( 20%) committed. 

Chunk freelists:
   Non-Class:  2.20 MB
       Class:  15.45 MB
        Both:  17.65 MB

MaxMetaspaceSize: 512.00 MB
CompressedClassSpaceSize: 416.00 MB
Initial GC threshold: 21.00 MB
Current GC threshold: 181.69 MB
CDS: on
 - commit_granule_bytes: 65536.
 - commit_granule_words: 8192.
 - virtual_space_node_default_size: 8388608.
 - enlarge_chunks_in_place: 1.
 - use_allocation_guard: 0.


Internal statistics:

num_allocs_failed_limit: 9.
num_arena_births: 4496.
num_arena_deaths: 0.
num_vsnodes_births: 3.
num_vsnodes_deaths: 0.
num_space_committed: 1751.
num_space_uncommitted: 0.
num_chunks_returned_to_freelist: 9.
num_chunks_taken_from_freelist: 9723.
num_chunk_merges: 6.
num_chunk_splits: 6327.
num_chunks_enlarged: 3939.
num_inconsistent_stats: 0.

CodeHeap 'non-profiled nmethods': size=120000Kb used=8453Kb max_used=8453Kb free=111546Kb
 bounds [0x00000207b2e80000, 0x00000207b36d0000, 0x00000207ba3b0000]
CodeHeap 'profiled nmethods': size=120000Kb used=23819Kb max_used=23819Kb free=96180Kb
 bounds [0x00000207ab3b0000, 0x00000207acb00000, 0x00000207b28e0000]
CodeHeap 'non-nmethods': size=5760Kb used=3047Kb max_used=3111Kb free=2712Kb
 bounds [0x00000207b28e0000, 0x00000207b2bf0000, 0x00000207b2e80000]
CodeCache: size=245760Kb, used=35319Kb, max_used=35383Kb, free=210438Kb
 total_blobs=13635, nmethods=12592, adapters=947, full_count=0
Compilation: enabled, stopped_count=0, restarted_count=0

Compilation events (20 events):
Event: 42.385 Thread 0x00000207e2a6b890 nmethod 15032 0x00000207b36b0410 code [0x00000207b36b05e0, 0x00000207b36b0b58]
Event: 42.421 Thread 0x00000207bfd7b640 nmethod 15033 0x00000207b36b0e90 code [0x00000207b36b1140, 0x00000207b36b2510]
Event: 42.430 Thread 0x00000207bfd7b640 15034       4       sun.nio.ch.Util$BufferCache::offerFirst (73 bytes)
Event: 42.434 Thread 0x00000207bfd7b640 nmethod 15034 0x00000207b36b3510 code [0x00000207b36b36a0, 0x00000207b36b38d8]
Event: 42.440 Thread 0x00000207bfd7b640 15035       4       sun.nio.ch.Util::getTemporaryDirectBuffer (55 bytes)
Event: 42.462 Thread 0x00000207bfd7b640 nmethod 15035 0x00000207b36b3a10 code [0x00000207b36b3d00, 0x00000207b36b4b48]
Event: 42.462 Thread 0x00000207e2a6b890 15036       4       org.gradle.api.internal.artifacts.transform.DefaultTransformInvocationFactory::isCachingDisabledByProperty (69 bytes)
Event: 42.463 Thread 0x00000207bfd7b640 15037       4       org.gradle.internal.execution.impl.DefaultExecutionEngine$1::createExecutionRequestContext (44 bytes)
Event: 42.474 Thread 0x00000207bfd7b640 nmethod 15037 0x00000207b36b5710 code [0x00000207b36b5900, 0x00000207b36b6128]
Event: 42.474 Thread 0x00000207bfd7b640 15038       4       org.gradle.api.internal.artifacts.transform.AbstractTransformExecution::<init> (77 bytes)
Event: 42.481 Thread 0x00000207e2a6b890 nmethod 15036 0x00000207b36b6410 code [0x00000207b36b6680, 0x00000207b36b71c0]
Event: 42.482 Thread 0x00000207e2a6b890 15039       4       org.gradle.internal.execution.steps.IdentityCacheStep::executeDeferred (61 bytes)
Event: 42.487 Thread 0x00000207bfd7b640 nmethod 15038 0x00000207b36b7a90 code [0x00000207b36b7c60, 0x00000207b36b8988]
Event: 42.506 Thread 0x00000207bfd7b640 15040       4       org.gradle.internal.execution.steps.IdentifyStep::executeDeferred (18 bytes)
Event: 42.542 Thread 0x00000207e2a6b890 nmethod 15039 0x00000207b36b8b10 code [0x00000207b36b8f00, 0x00000207b36baca8]
Event: 42.543 Thread 0x00000207e2a6b890 15041       4       org.gradle.internal.execution.impl.DefaultFileNormalizationSpec::from (11 bytes)
Event: 42.545 Thread 0x00000207e2a6b890 nmethod 15041 0x00000207b36bc610 code [0x00000207b36bc7a0, 0x00000207b36bc890]
Event: 42.548 Thread 0x00000207e2a6b890 15042       4       org.gradle.api.internal.artifacts.transform.NonNormalizedIdentityImmutableTransformExecution::createIdentity (69 bytes)
Event: 42.606 Thread 0x00000207bfd7b640 nmethod 15040 0x00000207b36bc990 code [0x00000207b36bce20, 0x00000207b36bf470]
Event: 42.606 Thread 0x00000207bfd7b640 15043       4       org.gradle.api.internal.artifacts.transform.TransformWorkspaceIdentity::createNonNormalizedImmutable (53 bytes)

GC Heap History (20 events):
Event: 32.757 GC heap before
{Heap before GC invocations=31 (full 0):
 garbage-first heap   total 194560K, used 172706K [0x0000000080000000, 0x0000000100000000)
  region size 1024K, 68 young (69632K), 9 survivors (9216K)
 Metaspace       used 95388K, committed 97728K, reserved 557056K
  class space    used 13665K, committed 14848K, reserved 425984K
}
Event: 32.765 GC heap after
{Heap after GC invocations=32 (full 0):
 garbage-first heap   total 194560K, used 117715K [0x0000000080000000, 0x0000000100000000)
  region size 1024K, 9 young (9216K), 9 survivors (9216K)
 Metaspace       used 95388K, committed 97728K, reserved 557056K
  class space    used 13665K, committed 14848K, reserved 425984K
}
Event: 33.629 GC heap before
{Heap before GC invocations=32 (full 0):
 garbage-first heap   total 194560K, used 178131K [0x0000000080000000, 0x0000000100000000)
  region size 1024K, 67 young (68608K), 9 survivors (9216K)
 Metaspace       used 100059K, committed 102400K, reserved 557056K
  class space    used 14468K, committed 15616K, reserved 425984K
}
Event: 33.638 GC heap after
{Heap after GC invocations=33 (full 0):
 garbage-first heap   total 194560K, used 117200K [0x0000000080000000, 0x0000000100000000)
  region size 1024K, 7 young (7168K), 7 survivors (7168K)
 Metaspace       used 100059K, committed 102400K, reserved 557056K
  class space    used 14468K, committed 15616K, reserved 425984K
}
Event: 34.474 GC heap before
{Heap before GC invocations=33 (full 0):
 garbage-first heap   total 194560K, used 177616K [0x0000000080000000, 0x0000000100000000)
  region size 1024K, 66 young (67584K), 7 survivors (7168K)
 Metaspace       used 104013K, committed 106432K, reserved 557056K
  class space    used 14987K, committed 16192K, reserved 425984K
}
Event: 34.480 GC heap after
{Heap after GC invocations=34 (full 0):
 garbage-first heap   total 194560K, used 119497K [0x0000000080000000, 0x0000000100000000)
  region size 1024K, 5 young (5120K), 5 survivors (5120K)
 Metaspace       used 104013K, committed 106432K, reserved 557056K
  class space    used 14987K, committed 16192K, reserved 425984K
}
Event: 35.545 GC heap before
{Heap before GC invocations=35 (full 0):
 garbage-first heap   total 201728K, used 184009K [0x0000000080000000, 0x0000000100000000)
  region size 1024K, 64 young (65536K), 5 survivors (5120K)
 Metaspace       used 106237K, committed 108608K, reserved 557056K
  class space    used 15219K, committed 16384K, reserved 425984K
}
Event: 35.555 GC heap after
{Heap after GC invocations=36 (full 0):
 garbage-first heap   total 201728K, used 125876K [0x0000000080000000, 0x0000000100000000)
  region size 1024K, 8 young (8192K), 8 survivors (8192K)
 Metaspace       used 106237K, committed 108608K, reserved 557056K
  class space    used 15219K, committed 16384K, reserved 425984K
}
Event: 36.623 GC heap before
{Heap before GC invocations=36 (full 0):
 garbage-first heap   total 201728K, used 185268K [0x0000000080000000, 0x0000000100000000)
  region size 1024K, 67 young (68608K), 8 survivors (8192K)
 Metaspace       used 106240K, committed 108608K, reserved 557056K
  class space    used 15219K, committed 16384K, reserved 425984K
}
Event: 36.633 GC heap after
{Heap after GC invocations=37 (full 0):
 garbage-first heap   total 201728K, used 128201K [0x0000000080000000, 0x0000000100000000)
  region size 1024K, 5 young (5120K), 5 survivors (5120K)
 Metaspace       used 106240K, committed 108608K, reserved 557056K
  class space    used 15219K, committed 16384K, reserved 425984K
}
Event: 37.053 GC heap before
{Heap before GC invocations=37 (full 0):
 garbage-first heap   total 201728K, used 154825K [0x0000000080000000, 0x0000000100000000)
  region size 1024K, 33 young (33792K), 5 survivors (5120K)
 Metaspace       used 107942K, committed 110336K, reserved 557056K
  class space    used 15429K, committed 16640K, reserved 425984K
}
Event: 37.058 GC heap after
{Heap after GC invocations=38 (full 0):
 garbage-first heap   total 201728K, used 130194K [0x0000000080000000, 0x0000000100000000)
  region size 1024K, 7 young (7168K), 7 survivors (7168K)
 Metaspace       used 107942K, committed 110336K, reserved 557056K
  class space    used 15429K, committed 16640K, reserved 425984K
}
Event: 38.881 GC heap before
{Heap before GC invocations=39 (full 0):
 garbage-first heap   total 224256K, used 190610K [0x0000000080000000, 0x0000000100000000)
  region size 1024K, 62 young (63488K), 7 survivors (7168K)
 Metaspace       used 109063K, committed 111552K, reserved 557056K
  class space    used 15616K, committed 16832K, reserved 425984K
}
Event: 38.894 GC heap after
{Heap after GC invocations=40 (full 0):
 garbage-first heap   total 224256K, used 143111K [0x0000000080000000, 0x0000000100000000)
  region size 1024K, 8 young (8192K), 8 survivors (8192K)
 Metaspace       used 109063K, committed 111552K, reserved 557056K
  class space    used 15616K, committed 16832K, reserved 425984K
}
Event: 39.816 GC heap before
{Heap before GC invocations=40 (full 0):
 garbage-first heap   total 224256K, used 200455K [0x0000000080000000, 0x0000000100000000)
  region size 1024K, 65 young (66560K), 8 survivors (8192K)
 Metaspace       used 109069K, committed 111552K, reserved 557056K
  class space    used 15616K, committed 16832K, reserved 425984K
}
Event: 39.826 GC heap after
{Heap after GC invocations=41 (full 0):
 garbage-first heap   total 224256K, used 143552K [0x0000000080000000, 0x0000000100000000)
  region size 1024K, 5 young (5120K), 5 survivors (5120K)
 Metaspace       used 109069K, committed 111552K, reserved 557056K
  class space    used 15616K, committed 16832K, reserved 425984K
}
Event: 40.505 GC heap before
{Heap before GC invocations=41 (full 0):
 garbage-first heap   total 224256K, used 179392K [0x0000000080000000, 0x0000000100000000)
  region size 1024K, 42 young (43008K), 5 survivors (5120K)
 Metaspace       used 109149K, committed 111616K, reserved 557056K
  class space    used 15625K, committed 16832K, reserved 425984K
}
Event: 40.511 GC heap after
{Heap after GC invocations=42 (full 0):
 garbage-first heap   total 224256K, used 145205K [0x0000000080000000, 0x0000000100000000)
  region size 1024K, 6 young (6144K), 6 survivors (6144K)
 Metaspace       used 109149K, committed 111616K, reserved 557056K
  class space    used 15625K, committed 16832K, reserved 425984K
}
Event: 42.368 GC heap before
{Heap before GC invocations=43 (full 0):
 garbage-first heap   total 247808K, used 207669K [0x0000000080000000, 0x0000000100000000)
  region size 1024K, 64 young (65536K), 6 survivors (6144K)
 Metaspace       used 109595K, committed 112064K, reserved 557056K
  class space    used 15684K, committed 16896K, reserved 425984K
}
Event: 42.378 GC heap after
{Heap after GC invocations=44 (full 0):
 garbage-first heap   total 247808K, used 158083K [0x0000000080000000, 0x0000000100000000)
  region size 1024K, 8 young (8192K), 8 survivors (8192K)
 Metaspace       used 109595K, committed 112064K, reserved 557056K
  class space    used 15684K, committed 16896K, reserved 425984K
}

Dll operation events (16 events):
Event: 0.008 Loaded shared library C:\Users\asus\.vscode\extensions\redhat.java-1.54.0-win32-x64\jre\21.0.10-win32-x86_64\bin\java.dll
Event: 0.079 Loaded shared library C:\Users\asus\.vscode\extensions\redhat.java-1.54.0-win32-x64\jre\21.0.10-win32-x86_64\bin\zip.dll
Event: 0.099 Loaded shared library C:\Users\asus\.vscode\extensions\redhat.java-1.54.0-win32-x64\jre\21.0.10-win32-x86_64\bin\instrument.dll
Event: 0.102 Loaded shared library C:\Users\asus\.vscode\extensions\redhat.java-1.54.0-win32-x64\jre\21.0.10-win32-x86_64\bin\net.dll
Event: 0.105 Loaded shared library C:\Users\asus\.vscode\extensions\redhat.java-1.54.0-win32-x64\jre\21.0.10-win32-x86_64\bin\nio.dll
Event: 0.109 Loaded shared library C:\Users\asus\.vscode\extensions\redhat.java-1.54.0-win32-x64\jre\21.0.10-win32-x86_64\bin\zip.dll
Event: 0.400 Loaded shared library C:\Users\asus\.vscode\extensions\redhat.java-1.54.0-win32-x64\jre\21.0.10-win32-x86_64\bin\jimage.dll
Event: 0.560 Loaded shared library C:\Users\asus\.vscode\extensions\redhat.java-1.54.0-win32-x64\jre\21.0.10-win32-x86_64\bin\verify.dll
Event: 0.677 Loaded shared library C:\Users\asus\.gradle\native\1def1411415f61bf3af743bc5b6707747c0891f09f0c88961ee8f79bc544acac\windows-amd64\native-platform.dll
Event: 0.684 Loaded shared library C:\Users\asus\.gradle\native\0.2.5\x86_64-windows-gnu\gradle-fileevents.dll
Event: 1.489 Loaded shared library C:\Users\asus\.vscode\extensions\redhat.java-1.54.0-win32-x64\jre\21.0.10-win32-x86_64\bin\management.dll
Event: 1.491 Loaded shared library C:\Users\asus\.vscode\extensions\redhat.java-1.54.0-win32-x64\jre\21.0.10-win32-x86_64\bin\management_ext.dll
Event: 1.628 Loaded shared library C:\Users\asus\.vscode\extensions\redhat.java-1.54.0-win32-x64\jre\21.0.10-win32-x86_64\bin\extnet.dll
Event: 1.750 Loaded shared library C:\Users\asus\.vscode\extensions\redhat.java-1.54.0-win32-x64\jre\21.0.10-win32-x86_64\bin\sunmscapi.dll
Event: 2.456 Loaded shared library C:\Users\asus\AppData\Local\Temp\native-platform4052950026289500087dir\gradle-fileevents.dll
Event: 12.600 Loaded shared library C:\Users\asus\.vscode\extensions\redhat.java-1.54.0-win32-x64\jre\21.0.10-win32-x86_64\bin\rmi.dll

Deoptimization events (20 events):
Event: 40.430 Thread 0x00000207e0b522f0 Uncommon trap: trap_request=0xffffffc6 fr.pc=0x00000207b3351dc4 relative=0x0000000000001204
Event: 40.430 Thread 0x00000207e0b522f0 Uncommon trap: reason=bimorphic_or_optimized_type_check action=maybe_recompile pc=0x00000207b3351dc4 method=java.util.concurrent.ConcurrentHashMap.putVal(Ljava/lang/Object;Ljava/lang/Object;Z)Ljava/lang/Object; @ 159 c2
Event: 40.430 Thread 0x00000207e0b522f0 DEOPT PACKING pc=0x00000207b3351dc4 sp=0x000000e8895f8730
Event: 40.430 Thread 0x00000207e0b522f0 DEOPT UNPACKING pc=0x00000207b2937ba2 sp=0x000000e8895f86f0 mode 2
Event: 41.242 Thread 0x00000207e0b522f0 Uncommon trap: trap_request=0xffffffc6 fr.pc=0x00000207b3351dc4 relative=0x0000000000001204
Event: 41.242 Thread 0x00000207e0b522f0 Uncommon trap: reason=bimorphic_or_optimized_type_check action=maybe_recompile pc=0x00000207b3351dc4 method=java.util.concurrent.ConcurrentHashMap.putVal(Ljava/lang/Object;Ljava/lang/Object;Z)Ljava/lang/Object; @ 159 c2
Event: 41.242 Thread 0x00000207e0b522f0 DEOPT PACKING pc=0x00000207b3351dc4 sp=0x000000e8895f8720
Event: 41.242 Thread 0x00000207e0b522f0 DEOPT UNPACKING pc=0x00000207b2937ba2 sp=0x000000e8895f86e0 mode 2
Event: 41.363 Thread 0x00000207e0b522f0 Uncommon trap: trap_request=0xffffffde fr.pc=0x00000207b336a70c relative=0x00000000000000cc
Event: 41.363 Thread 0x00000207e0b522f0 Uncommon trap: reason=class_check action=maybe_recompile pc=0x00000207b336a70c method=java.lang.invoke.MethodHandle.setVarargs(Ljava/lang/invoke/MemberName;)Ljava/lang/invoke/MethodHandle; @ 11 c2
Event: 41.363 Thread 0x00000207e0b522f0 DEOPT PACKING pc=0x00000207b336a70c sp=0x000000e8895f7310
Event: 41.363 Thread 0x00000207e0b522f0 DEOPT UNPACKING pc=0x00000207b2937ba2 sp=0x000000e8895f7290 mode 2
Event: 41.640 Thread 0x00000207e0b522f0 Uncommon trap: trap_request=0xffffffc6 fr.pc=0x00000207b3665fd4 relative=0x00000000000003d4
Event: 41.640 Thread 0x00000207e0b522f0 Uncommon trap: reason=bimorphic_or_optimized_type_check action=maybe_recompile pc=0x00000207b3665fd4 method=org.codehaus.groovy.util.SingleKeyHashMap.get(Ljava/lang/Object;)Ljava/lang/Object; @ 1 c2
Event: 41.640 Thread 0x00000207e0b522f0 DEOPT PACKING pc=0x00000207b3665fd4 sp=0x000000e8895f8280
Event: 41.640 Thread 0x00000207e0b522f0 DEOPT UNPACKING pc=0x00000207b2937ba2 sp=0x000000e8895f8220 mode 2
Event: 41.642 Thread 0x00000207e0b522f0 Uncommon trap: trap_request=0xffffff45 fr.pc=0x00000207b3544de4 relative=0x0000000000000624
Event: 41.642 Thread 0x00000207e0b522f0 Uncommon trap: reason=unstable_if action=reinterpret pc=0x00000207b3544de4 method=groovy.lang.MetaClassImpl.filterPropertyMethod(Ljava/lang/Object;ZZ)Ljava/lang/Object; @ 187 c2
Event: 41.642 Thread 0x00000207e0b522f0 DEOPT PACKING pc=0x00000207b3544de4 sp=0x000000e8895f82d0
Event: 41.642 Thread 0x00000207e0b522f0 DEOPT UNPACKING pc=0x00000207b2937ba2 sp=0x000000e8895f8258 mode 2

Classes loaded (20 events):
Event: 35.132 Loading class java/util/AbstractCollectionCustomizer
Event: 35.132 Loading class java/util/AbstractCollectionCustomizer done
Event: 35.132 Loading class java/util/AbstractCollectionCustomizer
Event: 35.132 Loading class java/util/AbstractCollectionCustomizer done
Event: 35.133 Loading class sun/reflect/generics/reflectiveObjects/GenericArrayTypeImpl
Event: 35.133 Loading class sun/reflect/generics/reflectiveObjects/GenericArrayTypeImpl done
Event: 36.836 Loading class java/lang/StackTraceElement$HashedModules
Event: 36.837 Loading class java/lang/StackTraceElement$HashedModules done
Event: 36.877 Loading class java/io/CharArrayReader
Event: 36.877 Loading class java/io/CharArrayReader done
Event: 37.208 Loading class java/lang/EnumBeanInfo
Event: 37.208 Loading class java/lang/EnumBeanInfo done
Event: 37.208 Loading class java/lang/EnumBeanInfo
Event: 37.208 Loading class java/lang/EnumBeanInfo done
Event: 37.208 Loading class java/lang/EnumCustomizer
Event: 37.208 Loading class java/lang/EnumCustomizer done
Event: 37.208 Loading class java/lang/EnumCustomizer
Event: 37.208 Loading class java/lang/EnumCustomizer done
Event: 37.279 Loading class java/beans/IntrospectionException
Event: 37.280 Loading class java/beans/IntrospectionException done

Classes unloaded (0 events):
No events

Classes redefined (0 events):
No events

Internal exceptions (20 events):
Event: 41.287 Thread 0x00000207e0b522f0 Exception <a 'java/lang/ClassNotFoundException'{0x000000008cc4af08}: com/flutter/gradle/FlutterExtension_DecoratedBeanInfo> (0x000000008cc4af08) 
thrown [s\src\hotspot\share\classfile\systemDictionary.cpp, line 312]
Event: 41.288 Thread 0x00000207e0b522f0 Exception <a 'java/lang/ClassNotFoundException'{0x000000008cc575b8}: com/flutter/gradle/FlutterExtensionBeanInfo> (0x000000008cc575b8) 
thrown [s\src\hotspot\share\classfile\systemDictionary.cpp, line 312]
Event: 41.288 Thread 0x00000207e0b522f0 Exception <a 'java/lang/ClassNotFoundException'{0x000000008cc63980}: com/flutter/gradle/FlutterExtensionCustomizer> (0x000000008cc63980) 
thrown [s\src\hotspot\share\classfile\systemDictionary.cpp, line 312]
Event: 41.289 Thread 0x00000207e0b522f0 Exception <a 'java/lang/ClassNotFoundException'{0x000000008cc7ce58}: com/flutter/gradle/FlutterExtension_DecoratedCustomizer> (0x000000008cc7ce58) 
thrown [s\src\hotspot\share\classfile\systemDictionary.cpp, line 312]
Event: 41.445 Thread 0x00000207e0b522f0 Exception <a 'java/lang/ClassNotFoundException'{0x000000008ccfddd8}: com/android/build/gradle/internal/dsl/TestOptions_DecoratedBeanInfo> (0x000000008ccfddd8) 
thrown [s\src\hotspot\share\classfile\systemDictionary.cpp, line 312]
Event: 41.446 Thread 0x00000207e0b522f0 Exception <a 'java/lang/ClassNotFoundException'{0x000000008cb0c0b8}: com/android/build/gradle/internal/dsl/TestOptionsBeanInfo> (0x000000008cb0c0b8) 
thrown [s\src\hotspot\share\classfile\systemDictionary.cpp, line 312]
Event: 41.447 Thread 0x00000207e0b522f0 Exception <a 'java/lang/ClassNotFoundException'{0x000000008cb1a088}: com/android/build/gradle/internal/dsl/TestOptionsCustomizer> (0x000000008cb1a088) 
thrown [s\src\hotspot\share\classfile\systemDictionary.cpp, line 312]
Event: 41.450 Thread 0x00000207e0b522f0 Exception <a 'java/lang/ClassNotFoundException'{0x000000008cb46d98}: com/android/build/gradle/internal/dsl/TestOptions_DecoratedCustomizer> (0x000000008cb46d98) 
thrown [s\src\hotspot\share\classfile\systemDictionary.cpp, line 312]
Event: 41.457 Thread 0x00000207e0b522f0 Exception <a 'java/lang/ClassNotFoundException'{0x000000008cbb0538}: com/android/build/gradle/internal/dsl/TestOptions$UnitTestOptions_DecoratedBeanInfo> (0x000000008cbb0538) 
thrown [s\src\hotspot\share\classfile\systemDictionary.cpp, line 312]
Event: 41.457 Thread 0x00000207e0b522f0 Exception <a 'java/lang/ClassNotFoundException'{0x000000008cbbe910}: com/android/build/gradle/internal/dsl/TestOptions$UnitTestOptionsBeanInfo> (0x000000008cbbe910) 
thrown [s\src\hotspot\share\classfile\systemDictionary.cpp, line 312]
Event: 41.458 Thread 0x00000207e0b522f0 Exception <a 'java/lang/ClassNotFoundException'{0x000000008cbccf78}: com/android/build/gradle/internal/dsl/TestOptions$UnitTestOptionsCustomizer> (0x000000008cbccf78) 
thrown [s\src\hotspot\share\classfile\systemDictionary.cpp, line 312]
Event: 41.459 Thread 0x00000207e0b522f0 Exception <a 'java/lang/ClassNotFoundException'{0x000000008cbe1cb0}: com/android/build/gradle/internal/dsl/TestOptions$UnitTestOptions_DecoratedCustomizer> (0x000000008cbe1cb0) 
thrown [s\src\hotspot\share\classfile\systemDictionary.cpp, line 312]
Event: 41.591 Thread 0x00000207e0b522f0 Exception <a 'java/lang/ClassNotFoundException'{0x000000008c367308}: build_2yvpbayhcdw18bh005bf82w7yBeanInfo> (0x000000008c367308) 
thrown [s\src\hotspot\share\classfile\systemDictionary.cpp, line 312]
Event: 41.591 Thread 0x00000207e0b522f0 Exception <a 'java/lang/ClassNotFoundException'{0x000000008c36df88}: build_2yvpbayhcdw18bh005bf82w7yCustomizer> (0x000000008c36df88) 
thrown [s\src\hotspot\share\classfile\systemDictionary.cpp, line 312]
Event: 41.638 Thread 0x00000207e0b522f0 Exception <a 'java/lang/ClassNotFoundException'{0x000000008c2454d0}: groovy/lang/GString$1BeanInfo> (0x000000008c2454d0) 
thrown [s\src\hotspot\share\classfile\systemDictionary.cpp, line 312]
Event: 41.638 Thread 0x00000207e0b522f0 Exception <a 'java/lang/ClassNotFoundException'{0x000000008c257b78}: groovy/lang/GStringBeanInfo> (0x000000008c257b78) 
thrown [s\src\hotspot\share\classfile\systemDictionary.cpp, line 312]
Event: 41.638 Thread 0x00000207e0b522f0 Exception <a 'java/lang/ClassNotFoundException'{0x000000008c26a460}: groovy/lang/GStringCustomizer> (0x000000008c26a460) 
thrown [s\src\hotspot\share\classfile\systemDictionary.cpp, line 312]
Event: 41.639 Thread 0x00000207e0b522f0 Exception <a 'java/lang/ClassNotFoundException'{0x000000008c289038}: groovy/lang/GString$1Customizer> (0x000000008c289038) 
thrown [s\src\hotspot\share\classfile\systemDictionary.cpp, line 312]
Event: 41.641 Thread 0x00000207e0b522f0 Exception <a 'java/lang/ClassNotFoundException'{0x000000008c1909a8}: org/codehaus/groovy/runtime/GStringImplBeanInfo> (0x000000008c1909a8) 
thrown [s\src\hotspot\share\classfile\systemDictionary.cpp, line 312]
Event: 41.642 Thread 0x00000207e0b522f0 Exception <a 'java/lang/ClassNotFoundException'{0x000000008c1a3838}: org/codehaus/groovy/runtime/GStringImplCustomizer> (0x000000008c1a3838) 
thrown [s\src\hotspot\share\classfile\systemDictionary.cpp, line 312]

ZGC Phase Switch (0 events):
No events

VM Operations (20 events):
Event: 37.127 Executing safepoint VM operation: G1PauseRemark
Event: 37.135 Executing safepoint VM operation: G1PauseRemark done
Event: 37.168 Executing safepoint VM operation: G1PauseCleanup
Event: 37.168 Executing safepoint VM operation: G1PauseCleanup done
Event: 38.168 Executing safepoint VM operation: Cleanup
Event: 38.169 Executing safepoint VM operation: Cleanup done
Event: 38.881 Executing safepoint VM operation: G1CollectForAllocation (G1 Evacuation Pause)
Event: 38.894 Executing safepoint VM operation: G1CollectForAllocation (G1 Evacuation Pause) done
Event: 39.816 Executing safepoint VM operation: G1CollectForAllocation (G1 Evacuation Pause)
Event: 39.826 Executing safepoint VM operation: G1CollectForAllocation (G1 Evacuation Pause) done
Event: 40.505 Executing safepoint VM operation: G1TryInitiateConcMark (G1 Humongous Allocation)
Event: 40.511 Executing safepoint VM operation: G1TryInitiateConcMark (G1 Humongous Allocation) done
Event: 40.606 Executing safepoint VM operation: G1PauseRemark
Event: 40.616 Executing safepoint VM operation: G1PauseRemark done
Event: 40.658 Executing safepoint VM operation: G1PauseCleanup
Event: 40.658 Executing safepoint VM operation: G1PauseCleanup done
Event: 41.659 Executing safepoint VM operation: Cleanup
Event: 41.659 Executing safepoint VM operation: Cleanup done
Event: 42.367 Executing safepoint VM operation: G1CollectForAllocation (G1 Evacuation Pause)
Event: 42.378 Executing safepoint VM operation: G1CollectForAllocation (G1 Evacuation Pause) done

Memory protections (0 events):
No events

Nmethod flushes (20 events):
Event: 40.613 Thread 0x00000207bfd47d20 flushing  nmethod 0x00000207abceb910
Event: 40.613 Thread 0x00000207bfd47d20 flushing  nmethod 0x00000207abe27690
Event: 40.613 Thread 0x00000207bfd47d20 flushing  nmethod 0x00000207abe28310
Event: 40.613 Thread 0x00000207bfd47d20 flushing  nmethod 0x00000207abe2a310
Event: 40.613 Thread 0x00000207bfd47d20 flushing  nmethod 0x00000207abe2b810
Event: 40.613 Thread 0x00000207bfd47d20 flushing  nmethod 0x00000207abe6fb10
Event: 40.613 Thread 0x00000207bfd47d20 flushing  nmethod 0x00000207abe70610
Event: 40.613 Thread 0x00000207bfd47d20 flushing  nmethod 0x00000207abea3d90
Event: 40.613 Thread 0x00000207bfd47d20 flushing  nmethod 0x00000207abeb5e90
Event: 40.613 Thread 0x00000207bfd47d20 flushing  nmethod 0x00000207ac0c5110
Event: 40.613 Thread 0x00000207bfd47d20 flushing  nmethod 0x00000207ac193590
Event: 40.613 Thread 0x00000207bfd47d20 flushing  nmethod 0x00000207ac222690
Event: 40.613 Thread 0x00000207bfd47d20 flushing  nmethod 0x00000207ac2be410
Event: 40.613 Thread 0x00000207bfd47d20 flushing  nmethod 0x00000207abb00c90
Event: 40.613 Thread 0x00000207bfd47d20 flushing  nmethod 0x00000207abd7e790
Event: 40.613 Thread 0x00000207bfd47d20 flushing  nmethod 0x00000207abdaec10
Event: 40.613 Thread 0x00000207bfd47d20 flushing  nmethod 0x00000207abf52390
Event: 40.613 Thread 0x00000207bfd47d20 flushing  nmethod 0x00000207ac25ab90
Event: 40.613 Thread 0x00000207bfd47d20 flushing  nmethod 0x00000207ac7b9f90
Event: 40.613 Thread 0x00000207bfd47d20 flushing  nmethod 0x00000207ac8bee10

Events (20 events):
Event: 35.345 Thread 0x00000207e0b522f0 Thread added: 0x00000207eae08650
Event: 35.346 Thread 0x00000207e0b522f0 Thread added: 0x00000207eae06c10
Event: 35.354 Thread 0x00000207e0b522f0 Thread added: 0x00000207eae09a00
Event: 35.919 Thread 0x00000207e45271b0 Thread exited: 0x00000207e45271b0
Event: 36.473 Thread 0x00000207bfd7b640 Thread added: 0x00000207e4527f50
Event: 36.804 Thread 0x00000207e0b522f0 Thread added: 0x00000207eae05860
Event: 36.912 Thread 0x00000207e0b522f0 Thread added: 0x00000207eae05ef0
Event: 37.612 Thread 0x00000207e0b522f0 Thread added: 0x00000207e5d6e970
Event: 38.423 Thread 0x00000207e4527f50 Thread exited: 0x00000207e4527f50
Event: 40.354 Thread 0x00000207e0b522f0 Thread added: 0x00000207e5d710d0
Event: 40.812 Thread 0x00000207bfd7bcf0 Thread added: 0x00000207e2a6b890
Event: 41.006 Thread 0x00000207e2a6b890 Thread exited: 0x00000207e2a6b890
Event: 41.017 Thread 0x00000207e0b522f0 Thread added: 0x00000207e0cd05b0
Event: 41.127 Thread 0x00000207bfd7bcf0 Thread added: 0x00000207e2a6b890
Event: 41.169 Thread 0x00000207e0b522f0 Thread added: 0x00000207e0cd6eb0
Event: 41.436 Thread 0x00000207e2a6b890 Thread exited: 0x00000207e2a6b890
Event: 41.453 Thread 0x00000207bfd7bcf0 Thread added: 0x00000207e2a6b890
Event: 41.581 Thread 0x00000207e0b522f0 Thread added: 0x00000207e0cd7540
Event: 42.106 Thread 0x00000207e2a6b890 Thread exited: 0x00000207e2a6b890
Event: 42.115 Thread 0x00000207bfd7bcf0 Thread added: 0x00000207e2a6b890


Dynamic libraries:
0x00007ff782190000 - 0x00007ff78219e000 	C:\Users\asus\.vscode\extensions\redhat.java-1.54.0-win32-x64\jre\21.0.10-win32-x86_64\bin\java.exe
0x00007ffe3edf0000 - 0x00007ffe3efe8000 	C:\Windows\SYSTEM32\ntdll.dll
0x00007ffe3e8f0000 - 0x00007ffe3e9b2000 	C:\Windows\System32\KERNEL32.DLL
0x00007ffe3c800000 - 0x00007ffe3caf6000 	C:\Windows\System32\KERNELBASE.dll
0x00007ffe3c600000 - 0x00007ffe3c700000 	C:\Windows\System32\ucrtbase.dll
0x00007ffe13da0000 - 0x00007ffe13db8000 	C:\Users\asus\.vscode\extensions\redhat.java-1.54.0-win32-x64\jre\21.0.10-win32-x86_64\bin\jli.dll
0x00007ffdf0760000 - 0x00007ffdf077e000 	C:\Users\asus\.vscode\extensions\redhat.java-1.54.0-win32-x64\jre\21.0.10-win32-x86_64\bin\VCRUNTIME140.dll
0x00007ffe3d100000 - 0x00007ffe3d2a1000 	C:\Windows\System32\USER32.dll
0x00007ffe3c7d0000 - 0x00007ffe3c7f2000 	C:\Windows\System32\win32u.dll
0x00007ffe21af0000 - 0x00007ffe21d8b000 	C:\Windows\WinSxS\amd64_microsoft.windows.common-controls_6595b64144ccf1df_6.0.19041.6456_none_60b8a6cb71f64256\COMCTL32.dll
0x00007ffe3d650000 - 0x00007ffe3d67b000 	C:\Windows\System32\GDI32.dll
0x00007ffe3e4e0000 - 0x00007ffe3e57e000 	C:\Windows\System32\msvcrt.dll
0x00007ffe3cb00000 - 0x00007ffe3cc19000 	C:\Windows\System32\gdi32full.dll
0x00007ffe3c730000 - 0x00007ffe3c7cd000 	C:\Windows\System32\msvcp_win.dll
0x00007ffe3e3a0000 - 0x00007ffe3e3cf000 	C:\Windows\System32\IMM32.DLL
0x00007ffe33020000 - 0x00007ffe3302c000 	C:\Users\asus\.vscode\extensions\redhat.java-1.54.0-win32-x64\jre\21.0.10-win32-x86_64\bin\vcruntime140_1.dll
0x00007ffddc470000 - 0x00007ffddc4fd000 	C:\Users\asus\.vscode\extensions\redhat.java-1.54.0-win32-x64\jre\21.0.10-win32-x86_64\bin\msvcp140.dll
0x00007ffdd3480000 - 0x00007ffdd4221000 	C:\Users\asus\.vscode\extensions\redhat.java-1.54.0-win32-x64\jre\21.0.10-win32-x86_64\bin\server\jvm.dll
0x00007ffe3e820000 - 0x00007ffe3e8d1000 	C:\Windows\System32\ADVAPI32.dll
0x00007ffe3e3d0000 - 0x00007ffe3e46f000 	C:\Windows\System32\sechost.dll
0x00007ffe3cfe0000 - 0x00007ffe3d100000 	C:\Windows\System32\RPCRT4.dll
0x00007ffe3c700000 - 0x00007ffe3c727000 	C:\Windows\System32\bcrypt.dll
0x00007ffe3e470000 - 0x00007ffe3e4db000 	C:\Windows\System32\WS2_32.dll
0x00007ffe30410000 - 0x00007ffe30437000 	C:\Windows\SYSTEM32\WINMM.dll
0x00007ffe3ba10000 - 0x00007ffe3ba5b000 	C:\Windows\SYSTEM32\POWRPROF.dll
0x00007ffe32310000 - 0x00007ffe3231a000 	C:\Windows\SYSTEM32\VERSION.dll
0x00007ffe3b880000 - 0x00007ffe3b892000 	C:\Windows\SYSTEM32\UMPDC.dll
0x00007ffe3ac90000 - 0x00007ffe3aca2000 	C:\Windows\SYSTEM32\kernel.appcore.dll
0x00007ffe173e0000 - 0x00007ffe173ea000 	C:\Users\asus\.vscode\extensions\redhat.java-1.54.0-win32-x64\jre\21.0.10-win32-x86_64\bin\jimage.dll
0x00007ffe3a9a0000 - 0x00007ffe3aba1000 	C:\Windows\SYSTEM32\DBGHELP.DLL
0x00007ffe2e730000 - 0x00007ffe2e764000 	C:\Windows\SYSTEM32\dbgcore.DLL
0x00007ffe3cd80000 - 0x00007ffe3ce02000 	C:\Windows\System32\bcryptPrimitives.dll
0x00007ffe13d90000 - 0x00007ffe13d9f000 	C:\Users\asus\.vscode\extensions\redhat.java-1.54.0-win32-x64\jre\21.0.10-win32-x86_64\bin\instrument.dll
0x00007ffdeffc0000 - 0x00007ffdeffe0000 	C:\Users\asus\.vscode\extensions\redhat.java-1.54.0-win32-x64\jre\21.0.10-win32-x86_64\bin\java.dll
0x00007ffe3dc30000 - 0x00007ffe3e3a0000 	C:\Windows\System32\SHELL32.dll
0x00007ffe39f10000 - 0x00007ffe3a6b5000 	C:\Windows\SYSTEM32\windows.storage.dll
0x00007ffe3e9c0000 - 0x00007ffe3ed14000 	C:\Windows\System32\combase.dll
0x00007ffe3beb0000 - 0x00007ffe3bedb000 	C:\Windows\SYSTEM32\Wldp.dll
0x00007ffe3d580000 - 0x00007ffe3d64d000 	C:\Windows\System32\OLEAUT32.dll
0x00007ffe3d320000 - 0x00007ffe3d3cd000 	C:\Windows\System32\SHCORE.dll
0x00007ffe3e760000 - 0x00007ffe3e7bb000 	C:\Windows\System32\shlwapi.dll
0x00007ffe3c3b0000 - 0x00007ffe3c3d4000 	C:\Windows\SYSTEM32\profapi.dll
0x00007ffdef9b0000 - 0x00007ffdef9c8000 	C:\Users\asus\.vscode\extensions\redhat.java-1.54.0-win32-x64\jre\21.0.10-win32-x86_64\bin\zip.dll
0x00007ffe11980000 - 0x00007ffe11990000 	C:\Users\asus\.vscode\extensions\redhat.java-1.54.0-win32-x64\jre\21.0.10-win32-x86_64\bin\net.dll
0x00007ffe36980000 - 0x00007ffe36a8a000 	C:\Windows\SYSTEM32\WINHTTP.dll
0x00007ffe3bc10000 - 0x00007ffe3bc7a000 	C:\Windows\system32\mswsock.dll
0x00007ffdef990000 - 0x00007ffdef9a6000 	C:\Users\asus\.vscode\extensions\redhat.java-1.54.0-win32-x64\jre\21.0.10-win32-x86_64\bin\nio.dll
0x00007ffe0ed70000 - 0x00007ffe0ed80000 	C:\Users\asus\.vscode\extensions\redhat.java-1.54.0-win32-x64\jre\21.0.10-win32-x86_64\bin\verify.dll
0x00007ffddc3f0000 - 0x00007ffddc417000 	C:\Users\asus\.gradle\native\1def1411415f61bf3af743bc5b6707747c0891f09f0c88961ee8f79bc544acac\windows-amd64\native-platform.dll
0x000000006f6f0000 - 0x000000006f763000 	C:\Users\asus\.gradle\native\0.2.5\x86_64-windows-gnu\gradle-fileevents.dll
0x00007ffe20250000 - 0x00007ffe2025a000 	C:\Users\asus\.vscode\extensions\redhat.java-1.54.0-win32-x64\jre\21.0.10-win32-x86_64\bin\management.dll
0x00007ffe08d20000 - 0x00007ffe08d2c000 	C:\Users\asus\.vscode\extensions\redhat.java-1.54.0-win32-x64\jre\21.0.10-win32-x86_64\bin\management_ext.dll
0x00007ffe3e750000 - 0x00007ffe3e758000 	C:\Windows\System32\PSAPI.DLL
0x00007ffe3be10000 - 0x00007ffe3be28000 	C:\Windows\SYSTEM32\CRYPTSP.dll
0x00007ffe3b4c0000 - 0x00007ffe3b4f8000 	C:\Windows\system32\rsaenh.dll
0x00007ffe3c370000 - 0x00007ffe3c39e000 	C:\Windows\SYSTEM32\USERENV.dll
0x00007ffe3be00000 - 0x00007ffe3be0c000 	C:\Windows\SYSTEM32\CRYPTBASE.dll
0x00007ffe3b8a0000 - 0x00007ffe3b8db000 	C:\Windows\SYSTEM32\IPHLPAPI.DLL
0x00007ffe3d310000 - 0x00007ffe3d318000 	C:\Windows\System32\NSI.dll
0x00007ffdeffb0000 - 0x00007ffdeffb9000 	C:\Users\asus\.vscode\extensions\redhat.java-1.54.0-win32-x64\jre\21.0.10-win32-x86_64\bin\extnet.dll
0x00007ffdfe480000 - 0x00007ffdfe48e000 	C:\Users\asus\.vscode\extensions\redhat.java-1.54.0-win32-x64\jre\21.0.10-win32-x86_64\bin\sunmscapi.dll
0x00007ffe3cc20000 - 0x00007ffe3cd7d000 	C:\Windows\System32\CRYPT32.dll
0x00007ffe3bf20000 - 0x00007ffe3bf47000 	C:\Windows\SYSTEM32\ncrypt.dll
0x00007ffe3bee0000 - 0x00007ffe3bf1b000 	C:\Windows\SYSTEM32\NTASN1.dll
0x00007ffdd8990000 - 0x00007ffdd8997000 	C:\Windows\system32\wshunix.dll
0x000000006f670000 - 0x000000006f6e3000 	C:\Users\asus\AppData\Local\Temp\native-platform4052950026289500087dir\gradle-fileevents.dll
0x00007ffe11570000 - 0x00007ffe11587000 	C:\Windows\system32\napinsp.dll
0x00007ffde3c20000 - 0x00007ffde3c3b000 	C:\Windows\system32\pnrpnsp.dll
0x00007ffe1b2f0000 - 0x00007ffe1b30d000 	C:\Windows\system32\wshbth.dll
0x00007ffe36a90000 - 0x00007ffe36aad000 	C:\Windows\system32\NLAapi.dll
0x00007ffe3b8e0000 - 0x00007ffe3b9aa000 	C:\Windows\SYSTEM32\DNSAPI.dll
0x00007ffde3c00000 - 0x00007ffde3c12000 	C:\Windows\System32\winrnr.dll
0x00007ffe35720000 - 0x00007ffe3572a000 	C:\Windows\System32\rasadhlp.dll
0x00007ffe34a30000 - 0x00007ffe34ab0000 	C:\Windows\System32\fwpuclnt.dll
0x00007ffddc100000 - 0x00007ffddc107000 	C:\Users\asus\.vscode\extensions\redhat.java-1.54.0-win32-x64\jre\21.0.10-win32-x86_64\bin\rmi.dll

JVMTI agents:
C:\Users\asus\.gradle\wrapper\dists\gradle-8.12-all\ejduaidbjup3bmmkhw3rie4zb\gradle-8.12\lib\agents\gradle-instrumentation-agent-8.12.jar path:C:\Users\asus\.vscode\extensions\redhat.java-1.54.0-win32-x64\jre\21.0.10-win32-x86_64\bin\instrument.dll, loaded, initialized, instrumentlib options:none

dbghelp: loaded successfully - version: 4.0.5 - missing functions: none
symbol engine: initialized successfully - sym options: 0x614 - pdb path: .;C:\Users\asus\.vscode\extensions\redhat.java-1.54.0-win32-x64\jre\21.0.10-win32-x86_64\bin;C:\Windows\SYSTEM32;C:\Windows\WinSxS\amd64_microsoft.windows.common-controls_6595b64144ccf1df_6.0.19041.6456_none_60b8a6cb71f64256;C:\Users\asus\.vscode\extensions\redhat.java-1.54.0-win32-x64\jre\21.0.10-win32-x86_64\bin\server;C:\Users\asus\.gradle\native\1def1411415f61bf3af743bc5b6707747c0891f09f0c88961ee8f79bc544acac\windows-amd64;C:\Users\asus\.gradle\native\0.2.5\x86_64-windows-gnu;C:\Users\asus\AppData\Local\Temp\native-platform4052950026289500087dir

VM Arguments:
jvm_args: --add-opens=java.base/java.lang=ALL-UNNAMED --add-opens=java.base/java.lang.invoke=ALL-UNNAMED --add-opens=java.base/java.util=ALL-UNNAMED --add-opens=java.prefs/java.util.prefs=ALL-UNNAMED --add-exports=jdk.compiler/com.sun.tools.javac.api=ALL-UNNAMED --add-exports=jdk.compiler/com.sun.tools.javac.util=ALL-UNNAMED --add-opens=java.base/java.util=ALL-UNNAMED --add-opens=java.prefs/java.util.prefs=ALL-UNNAMED --add-opens=java.base/java.nio.charset=ALL-UNNAMED --add-opens=java.base/java.net=ALL-UNNAMED --add-opens=java.base/java.util.concurrent.atomic=ALL-UNNAMED --add-opens=java.xml/javax.xml.namespace=ALL-UNNAMED -XX:MaxMetaspaceSize=512m -Xmx2G -Dfile.encoding=UTF-8 -Duser.country=US -Duser.language=en -Duser.variant -javaagent:C:\Users\asus\.gradle\wrapper\dists\gradle-8.12-all\ejduaidbjup3bmmkhw3rie4zb\gradle-8.12\lib\agents\gradle-instrumentation-agent-8.12.jar 
java_command: org.gradle.launcher.daemon.bootstrap.GradleDaemon 8.12
java_class_path (initial): C:\Users\asus\.gradle\wrapper\dists\gradle-8.12-all\ejduaidbjup3bmmkhw3rie4zb\gradle-8.12\lib\gradle-daemon-main-8.12.jar
Launcher Type: SUN_STANDARD

[Global flags]
     intx CICompilerCount                          = 4                                         {product} {ergonomic}
   size_t CompressedClassSpaceSize                 = 436207616                                 {product} {ergonomic}
     uint ConcGCThreads                            = 3                                         {product} {ergonomic}
     uint G1ConcRefinementThreads                  = 10                                        {product} {ergonomic}
   size_t G1HeapRegionSize                         = 1048576                                   {product} {ergonomic}
    uintx GCDrainStackTargetSize                   = 64                                        {product} {ergonomic}
   size_t InitialHeapSize                          = 130023424                                 {product} {ergonomic}
   size_t MarkStackSize                            = 4194304                                   {product} {ergonomic}
   size_t MaxHeapSize                              = 2147483648                                {product} {command line}
   size_t MaxMetaspaceSize                         = 536870912                                 {product} {command line}
   size_t MaxNewSize                               = 1287651328                                {product} {ergonomic}
   size_t MinHeapDeltaBytes                        = 1048576                                   {product} {ergonomic}
   size_t MinHeapSize                              = 8388608                                   {product} {ergonomic}
    uintx NonNMethodCodeHeapSize                   = 5839372                                {pd product} {ergonomic}
    uintx NonProfiledCodeHeapSize                  = 122909434                              {pd product} {ergonomic}
    uintx ProfiledCodeHeapSize                     = 122909434                              {pd product} {ergonomic}
    uintx ReservedCodeCacheSize                    = 251658240                              {pd product} {ergonomic}
     bool SegmentedCodeCache                       = true                                      {product} {ergonomic}
   size_t SoftMaxHeapSize                          = 2147483648                             {manageable} {ergonomic}
     bool UseCompressedOops                        = true                           {product lp64_product} {ergonomic}
     bool UseG1GC                                  = true                                      {product} {ergonomic}
     bool UseLargePagesIndividualAllocation        = false                                  {pd product} {ergonomic}

Logging:
Log output configuration:
 #0: stdout all=warning uptime,level,tags foldmultilines=false
 #1: stderr all=off uptime,level,tags foldmultilines=false

Release file:
JAVA_VERSION="21.0.10" 
MODULES="java.base java.compiler java.datatransfer java.xml java.prefs java.desktop java.instrument java.logging java.management java.security.sasl java.naming java.rmi java.management.rmi java.net.http java.scripting java.security.jgss java.transaction.xa java.sql java.sql.rowset java.xml.crypto java.se java.smartcardio jdk.accessibility jdk.internal.jvmstat jdk.attach jdk.charsets jdk.internal.opt jdk.zipfs jdk.compiler jdk.crypto.ec jdk.crypto.cryptoki jdk.crypto.mscapi jdk.dynalink jdk.internal.ed jdk.editpad jdk.hotspot.agent jdk.httpserver jdk.internal.le jdk.internal.vm.ci jdk.internal.vm.compiler jdk.internal.vm.compiler.management jdk.jartool jdk.javadoc jdk.jcmd jdk.management jdk.management.agent jdk.jconsole jdk.jdeps jdk.jdwp.agent jdk.jdi jdk.jfr jdk.jshell jdk.jsobject jdk.jstatd jdk.localedata jdk.management.jfr jdk.naming.dns jdk.naming.rmi jdk.net jdk.nio.mapmode jdk.random jdk.sctp jdk.security.auth jdk.security.jgss jdk.unsupported jdk.unsupported.desktop jdk.xml.dom" 

Environment Variables:
JAVA_HOME=C:\Java\jdk-17\
PATH=C:\Users\asus\AppData\Local\Programs\Microsoft VS Code;C:\Users\asus\AppData\Local\Programs\Python\Python313\Scripts\;C:\Users\asus\AppData\Local\Programs\Python\Python313\;C:\Windows\system32;C:\Windows;C:\Windows\System32\Wbem;C:\Windows\System32\WindowsPowerShell\v1.0\;C:\Windows\System32\OpenSSH\;C:\Program Files (x86)\NVIDIA Corporation\PhysX\Common;C:\Program Files\NVIDIA Corporation\NVIDIA NvDLISR;E:\Microsoft VS Code\bin;C:\Program Files (x86)\Microsoft SQL Server\150\Tools\Binn\;C:\Program Files (x86)\Microsoft Visual Studio\Shared\Python39_64;C:\Program Files (x86)\Microsoft Visual Studio\Shared\Python39_64\Scripts;C:\Program Files (x86)\Tesseract-OCR;C:\src\flutter_windows_3.35.3-stable\flutter\bin;C:\Users\asus\AppData\Local\Programs\Microsoft VS Code\bin;C:\Users\asus\AppData\Local\Programs\Microsoft VS Code\bin;C:\Users\asus\AppData\Local\Pub\Cache\bin;C:\Users\asus\.cache\firebase\tools\node_modules\firebase-tools\node_modules\protobufjs;C:\Users\asus\AppData\Local\npm-cache\_logs\2024-09-09T12_22_32_435Z-debug-0.log;C:\ProgramData\chocolatey\bin;C:\Users\asus\AppData\Roaming\Microsoft\Windows\Start Menu\Programs\Python 3.13;C:\ Program Files (x86)\Git\cmd;c:\users\asus\appdata\local\programs\python\python313\lib\site-packages (2.1.2);C:\Program Files (x86)\Windows Kits\10\Windows Performance Toolkit\;C:\Program Files (x86)\PowerShell\7\;C:\Java\jdk-17\bin;C:\Users\asus\AppData\Local\Android\Sdk\ndk\29.0.14033849;C:\Users\asus\AppData\Local\Android\Sdk\build-tools\36.0.0;C:\Users\asus\AppData\Local\Android\Sdk\emulator;C:\Users\asus\AppData\Local\Android\Sdk\platform-tools;C:\Users\asus\AppData\Local\Android\Sdk\;C:\Users\asus\AppData\Local\Android\Sdk\cmdline-tools\latest\bin;C:\Program Files (x86)\nodejs\;C:\Windows\system32;C:\Windows;C:\Windows\System32\Wbem;C:\Windows\System32\WindowsPowerShell\v1.0\;C:\Windows\System32\OpenSSH\;C:\Program Files (x86)\NVIDIA Corporation\PhysX\Common;C:\Program Files\NVIDIA Corporation\NVIDIA NvDLISR;E:\Microsoft VS Code\bin;C:\Program Files (x86)\Microsoft SQL Server\150\Tools\Binn\;C:\Program Files (x86)\Microsoft SQL Server\Client SDK\ODBC\170\Tools\Binn\;C:\Program Files (x86)\dotnet\;C:\Program Files (x86)\Windows Kits\10\Windows Performance Toolkit\;C:\Program Files (x86)\Cloudflare\Cloudflare WARP\;C:\Program Files (x86)\Microsoft Visual Studio\Shared\Python39_64;C:\Program Files (x86)\Microsoft Visual Studio\Shared\Python39_64\Scripts;C:\Program Files (x86)\Tesseract-OCR;C:\ Program Files (x86)\Git\cmd;C:\Windows\system32;C:\Windows;C:\Windows\System32\Wbem;C:\Windows\System32\WindowsPowerShell\v1.0\;C:\Windows\System32\OpenSSH\;C:\Program Files (x86)\NVIDIA Corporation\PhysX\Common;C:\Program Files\NVIDIA Cor;C:\Users\asus\AppData\Local\Pub\Cache\bin;C:\Users\asus\AppData\Local\Programs\Microsoft VS Code\bin;C:\Users\asus\.cache\firebase\tools\node_modules\firebase-tools\node_modules\protobufjs;C:\Users\asus\AppData\Local\npm-cache\_logs\2024-09-09T12_22_32_435Z-debug-0.log;C:\Program Files (x86)\nodejs\;C:\Users\asus\AppData\Roaming\Microsoft\Windows\Start Menu\Programs\Python 3.13;c:\users\asus\appdata\local\programs\python\python313\lib\site-packages (2.1.2);C:\src\flutter_windows_3.35.3-stable\flutter\bin;C:\Users\asus\AppData\Local\Programs\cursor\resources\app\bin;C:\Java\jdk-17\bin;C:\Users\asus\AppData\Local\Android\Sdk\platform-tools;C:\Users\asus\AppData\Local\Android\Sdk\emulator;C:\Users\asus\AppData\Local\Android\Sdk\build-tools\36.0.0;C:\Users\asus\AppData\Local\Android\Sdk\ndk\29.0.14033849;C:\Users\asus\AppData\Local\Android\Sdk\;C:\Users\asus\AppData\Local\Android\Sdk\cmdline-tools\latest\bin;C:\Users\asus\AppData\Roaming\npm
USERNAME=asus
OS=Windows_NT
PROCESSOR_IDENTIFIER=Intel64 Family 6 Model 141 Stepping 1, GenuineIntel
TMP=C:\Users\asus\AppData\Local\Temp
TEMP=C:\Users\asus\AppData\Local\Temp




Periodic native trim disabled

---------------  S Y S T E M  ---------------

OS:
 Windows 10 , 64 bit Build 19041 (10.0.19041.5915)
OS uptime: 0 days 1:42 hours

CPU: total 12 (initial active 12) (6 cores per cpu, 2 threads per core) family 6 model 141 stepping 1 microcode 0x34, cx8, cmov, fxsr, ht, mmx, 3dnowpref, sse, sse2, sse3, ssse3, sse4.1, sse4.2, popcnt, lzcnt, tsc, tscinvbit, avx, avx2, aes, erms, clmul, bmi1, bmi2, adx, avx512f, avx512dq, avx512cd, avx512bw, avx512vl, sha, fma, vzeroupper, avx512_vpopcntdq, avx512_vpclmulqdq, avx512_vaes, avx512_vnni, clflush, clflushopt, clwb, avx512_vbmi2, avx512_vbmi, rdtscp, rdpid, fsrm, gfni, avx512_bitalg, f16c, pku, cet_ibt, cet_ss, avx512_ifma
Processor Information for the first 12 processors :
  Max Mhz: 2611, Current Mhz: 2611, Mhz Limit: 2611

Memory: 4k page, system-wide physical 7930M (474M free)
TotalPageFile size 21275M (AvailPageFile size 9M)
current process WorkingSet (physical memory assigned to process): 474M, peak: 475M
current process commit charge ("private bytes"): 606M, peak: 611M

vm_info: OpenJDK 64-Bit Server VM (21.0.10+7-LTS) for windows-amd64 JRE (21.0.10+7-LTS), built on 2026-01-20T00:00:00Z by "admin" with MS VC++ 17.12 (VS2022)

END.
